2026-09-02,J1 League,Avispa Fukuoka vs Urawa Red Diamonds,Upcoming fixture tip: Avispa Fukuoka wins or draw.,Avispa Fukuoka wins or draw,1.344,-,-,now
2026-09-02,J1 League,Yokohama F. Marinos vs Kyoto Sanga FC,Upcoming fixture tip: Any team to win.,Any team to win,1.294,-,-,now
2026-09-02,J1 League,Machida Zelvia vs Kawasaki Frontale,Upcoming fixture tip: Machida Zelvia wins or draw.,Machida Zelvia wins or draw,1.224,-,-,now
2026-09-02,Premier League,El Gouna vs Al Mokawloon Al Arab,Upcoming fixture tip: El Gouna wins or draw.,El Gouna wins or draw,1.35,-,-,now
2026-09-02,Pro League,Zob Ahan Isfahan vs Paykan Tehran,Upcoming fixture tip: Zob Ahan Isfahan wins or draw.,Zob Ahan Isfahan wins or draw,1.383,-,-,now
2026-09-01,Premier League,Ghazl El Mahalla vs ENPPI Cairo,Upcoming fixture tip: Ghazl El Mahalla wins or draw.,Ghazl El Mahalla wins or draw,1.352,0 - 0,1,old
2026-09-01,Premier League,Tala'ea El-Gaish vs ZED FC,Upcoming fixture tip: Tala'ea El-Gaish wins or draw.,Tala'ea El-Gaish wins or draw,1.23,0 - 1,0,old
2026-09-01,Coppa Italy,Parma vs Cremonese,Upcoming fixture tip: Parma wins or draw.,Parma wins or draw,1.27,0 - 2,0,old
2026-09-01,Premier League,Sloga Doboj vs Celik Zenica,Upcoming fixture tip: Any team to win.,Any team to win,1.27,0 - 0,0,old
2026-09-01,Superettan,Helsingborgs vs Orebro,Upcoming fixture tip: Any team to win.,Any team to win,1.248,1 - 1,0,old
2026-08-31,National League,Eastleigh vs Aldershot,Upcoming fixture tip: Any team to win.,Any team to win,1.24,1 - 1,0,old
2026-08-31,National League,Solihull Moors vs Fylde,Upcoming fixture tip: Any team to win.,Any team to win,1.238,1 - 3,1,old
2026-08-31,National League,Sutton United vs Wealdstone,Upcoming fixture tip: Sutton United wins or draw.,Sutton United wins or draw,1.238,0 - 2,0,old
2026-08-31,National League,Yeovil vs Tamworth,Upcoming fixture tip: Yeovil wins or draw.,Yeovil wins or draw,1.33,3 - 2,1,old
2026-08-31,Virsliga,FK Liepaja vs Riga FC,Upcoming fixture tip: Riga FC wins.,Riga FC wins,1.352,3 - 2,0,old
2026-08-30,National League,Slavia Prague B vs SFC Opava,Upcoming fixture tip: Slavia Prague B wins or draw.,Slavia Prague B wins or draw,1.25,3 - 3,1,old
2026-08-30,Second League,Sturm Graz II vs Rapid Wien II,Upcoming fixture tip: Any team to win.,Any team to win,1.233,5 - 2,1,old
2026-08-30,2. Liga,Slovan Bratislava B vs MSK Povazska Bystrica,Upcoming fixture tip: Any team to win.,Any team to win,1.228,1 - 1,0,old
2026-08-30,2. Liga,Petrzalka Bratislava vs Tatran Liptovsky Mikulas,Upcoming fixture tip: Petrzalka Bratislava wins or draw.,Petrzalka Bratislava wins or draw,1.236,2 - 0,1,old
2026-08-30,First League,Yenisey Krasnoyarsk vs Shinnik Yaroslavl,Upcoming fixture tip: Any team to win.,Any team to win,1.315,0 - 0,0,old
2026-08-29,Liga MX,Club Tijuana vs Pumas UNAM,Upcoming fixture tip: Any team to win.,Any team to win,1.296,2 - 0,1,old
2026-08-29,Super League,Qingdao Hainiu vs Wuhan Three Towns,Upcoming fixture tip: Any team to win.,Any team to win,1.26,1 - 5,1,old
2026-08-29,J2 League,Iwaki FC vs Albirex Niigata,Upcoming fixture tip: Iwaki FC wins or draw.,Iwaki FC wins or draw,1.348,2 - 3,0,old
2026-08-29,J2 League,Tochigi City vs Jubilo Iwata,Upcoming fixture tip: Tochigi City wins or draw.,Tochigi City wins or draw,1.332,1 - 3,0,old
2026-08-29,First League,UCSA Tarasivka vs Inhulets Petrove,Upcoming fixture tip: Any team to win.,Any team to win,1.26,1 - 2,1,old
2026-08-28,K League 2,Ansan Greeners vs Daegu FC,Upcoming fixture tip: Daegu FC wins.,Daegu FC wins,1.378,1 - 2,1,old
2026-08-28,K League 2,Jeonnam Dragons vs Cheonan City,Upcoming fixture tip: Any team to win.,Any team to win,1.238,1 - 0,1,old
2026-08-28,TM Super League,Sabah FC vs Penang FC,Upcoming fixture tip: Any team to win.,Any team to win,1.225,2 - 0,1,old
2026-08-28,Premier League,ENPPI Cairo vs Wadi Degla,Upcoming fixture tip: ENPPI Cairo wins or draw.,ENPPI Cairo wins or draw,1.324,1 - 3,0,old
2026-08-28,Liga I,FC Voluntari vs Otelul Galati,Upcoming fixture tip: FC Voluntari wins or draw.,FC Voluntari wins or draw,1.382,2 - 2,1,old
2026-08-27,Premier League,Modern Sport FC vs Ghazl El Mahalla,Upcoming fixture tip: Modern Sport FC wins or draw.,Modern Sport FC wins or draw,1.212,2 - 0,1,old
2026-08-27,Stars League,Al-Gharafa SC Doha vs Al-Shamal SC,Upcoming fixture tip: Any team to win.,Any team to win,1.226,1 - 3,1,old
2026-08-27,Premier League,Sitra Club vs Malkia,Upcoming fixture tip: Sitra Club wins or draw.,Sitra Club wins or draw,1.32,1 - 0,1,old
2026-08-27,Premier League,Al-Najma Manama vs Al-Khalidiya,Upcoming fixture tip: Al-Khalidiya wins.,Al-Khalidiya wins,1.307,2 - 7,1,old
2026-08-27,Svenska Cupen,Husqvarna FF vs GAIS Goteborg,Upcoming fixture tip: GAIS Goteborg wins.,GAIS Goteborg wins,1.226,0 - 7,1,old
2026-08-26,K League 1,Daejeon Hana Citizen vs Ulsan HD,Upcoming fixture tip: Any team to win.,Any team to win,1.264,2 - 1,1,old
2026-08-26,Super League,Mash'al Mubarek vs Navbahor Namangan,Upcoming fixture tip: Navbahor Namangan wins.,Navbahor Namangan wins,1.315,0 - 2,1,old
2026-08-26,Premier League,Al Shabab SC Kuwait vs Al Jahra SC Jahra,Upcoming fixture tip: Any team to win.,Any team to win,1.3,3 - 2,1,old
2026-08-26,1. Division,Strommen vs Raufoss IL,Upcoming fixture tip: Any team to win.,Any team to win,1.214,3 - 1,1,old
2026-08-25,K League 1,Jeju SK vs Pohang Steelers,Upcoming fixture tip: Jeju SK wins or draw.,Jeju SK wins or draw,1.356,1 - 2,0,old
2026-08-25,Premier League,Kuwait SC Kaifan vs Al Arabi SC Kuwait,Upcoming fixture tip: Kuwait SC Kaifan wins or draw.,Kuwait SC Kaifan wins or draw,1.252,3 - 3,1,old
2026-08-25,Virsliga,Auda Kekava vs FK Liepaja,Upcoming fixture tip: Any team to win.,Any team to win,1.226,1 - 0,1,old
2026-08-25,Svenska Cupen,Eskilsminne IF vs Orgryte,Upcoming fixture tip: Orgryte wins.,Orgryte wins,1.386,1 - 1,0,old
2026-08-25,Superettan,Orebro vs Varbergs BoIS,Upcoming fixture tip: Any team to win.,Any team to win,1.288,2 - 1,1,old
2026-08-24,Super League,Kokand 1912 vs Buxoro FK,Upcoming fixture tip: Kokand 1912 wins or draw.,Kokand 1912 wins or draw,1.355,1 - 1,1,old
2026-08-24,Pro League,Tractor Tabriz vs Persepolis Tehran,Upcoming fixture tip: Tractor Tabriz wins or draw.,Tractor Tabriz wins or draw,1.323,1 - 0,1,old
2026-08-24,Second PFL,Vihren Sandanski vs Fratria Varna,Upcoming fixture tip: Vihren Sandanski wins or draw.,Vihren Sandanski wins or draw,1.322,2 - 2,1,old
2026-08-24,Pro League,Kheybar Khorramabad vs Paykan Tehran,Upcoming fixture tip: Kheybar Khorramabad wins or draw.,Kheybar Khorramabad wins or draw,1.283,2 - 3,0,old
2026-08-24,Liga Leumit,M.S. Ashdod vs Maccabi Jaffa,Upcoming fixture tip: Any team to win.,Any team to win,1.217,1 - 0,1,old
2026-08-23,Major League Soccer,San Diego FC vs Colorado Rapids,Upcoming fixture tip: San Diego FC wins or draw.,San Diego FC wins or draw,1.306,3 - 0,1,old
2026-08-23,Major League Soccer,San Jose Earthquakes vs Minnesota United,Upcoming fixture tip: Any team to win.,Any team to win,1.238,1 - 5,1,old
2026-08-23,2. Liga,MSK Zilina B vs OFK Malzenice,Upcoming fixture tip: MSK Zilina B wins or draw.,MSK Zilina B wins or draw,1.342,2 - 1,1,old
2026-08-23,Liga Portugal 2,Chaves vs AVS Futebol SAD,Upcoming fixture tip: Any team to win.,Any team to win,1.273,2 - 2,0,old
2026-08-23,K League 1,Daejeon Hana Citizen vs Gangwon FC,Upcoming fixture tip: Any team to win.,Any team to win,1.31,3 - 0,1,old
2026-08-22,J2 League,Consadole Sapporo vs Omiya Ardija,Upcoming fixture tip: Any team to win.,Any team to win,1.264,1 - 4,1,old
2026-08-22,J2 League,Blaublitz Akita vs Ventforet Kofu,Upcoming fixture tip: Blaublitz Akita wins or draw.,Blaublitz Akita wins or draw,1.268,3 - 0,1,old
2026-08-22,J1 League,Fagiano Okayama vs Tokyo Verdy,Upcoming fixture tip: Fagiano Okayama wins or draw.,Fagiano Okayama wins or draw,1.248,0 - 0,1,old
2026-08-22,First League,Ural Sverdlovskaya Oblast vs Tekstilshchik Ivanovo,Upcoming fixture tip: Ural Sverdlovskaya Oblast wins.,Ural Sverdlovskaya Oblast wins,1.295,2 - 0,1,old
2026-08-21,Premier League,Wadi Degla vs ZED FC,Upcoming fixture tip: Wadi Degla wins or draw.,Wadi Degla wins or draw,1.244,0 - 0,1,old
2026-08-21,Stars League,Al-Gharafa SC Doha vs Al-Shahania SC,Upcoming fixture tip: Any team to win.,Any team to win,1.216,2 - 1,1,old
2026-08-21,Premier League,FC Minsk vs FC Vitebsk,Upcoming fixture tip: FC Minsk wins or draw.,FC Minsk wins or draw,1.35,0 - 1,0,old
2026-08-21,Premier League,Ararat vs Pyunik,Upcoming fixture tip: Pyunik wins.,Pyunik wins,1.27,0 - 2,1,old
2026-08-21,Super League,Pakhtakor Tashkent vs Surkhon Termez,Upcoming fixture tip: Pakhtakor Tashkent wins.,Pakhtakor Tashkent wins,1.24,0 - 0,0,old
2026-08-20,Major League Soccer,Portland Timbers vs San Diego FC,Upcoming fixture tip: Any team to win.,Any team to win,1.222,3 - 1,1,old
2026-08-20,Major League Soccer,Los Angeles Galaxy vs San Jose Earthquakes,Upcoming fixture tip: Any team to win.,Any team to win,1.24,1 - 0,1,old
2026-08-20,Super League,Bunyodkor Tashkent vs Kokand 1912,Upcoming fixture tip: Any team to win.,Any team to win,1.283,0 - 1,1,old
2026-08-20,Stars League,Al-Wakrah SC vs Qatar SC Doha,Upcoming fixture tip: Any team to win.,Any team to win,1.236,2 - 2,0,old
2026-08-20,Svenska Cupen,Vasalunds IF vs Norrkoping,Upcoming fixture tip: Norrkoping wins.,Norrkoping wins,1.37,1 - 1,0,old
2026-08-19,Greek Cup,Niki Volou vs Panionios,Upcoming fixture tip: Any team to win.,Any team to win,1.318,0 - 0,0,old
2026-08-19,Super League,AGMK Olmaliq vs Dinamo Samarqand,Upcoming fixture tip: Any team to win.,Any team to win,1.27,0 - 1,0,old
2026-08-19,Greek Cup,Kalamata FC vs Panetolikos,Upcoming fixture tip: Kalamata FC wins or draw.,Kalamata FC wins or draw,1.376,4 - 2,1,old
2026-08-19,Premier League,ML Vitebsk vs FC Baranovichi,Upcoming fixture tip: ML Vitebsk wins.,ML Vitebsk wins,1.257,2 - 0,1,old
2026-08-19,Pro League,Persepolis Tehran vs Esteghlal Khuzestan,Upcoming fixture tip: Persepolis Tehran wins.,Persepolis Tehran wins,1.293,4 - 1,1,old
2026-08-18,Super League,Shanghai Shenhua vs Beijing Guoan,Upcoming fixture tip: Any team to win.,Any team to win,1.222,0 - 3,1,old
2026-08-18,Super League,Sogdiana Jizzakh vs PFK Qizilqum,Upcoming fixture tip: Sogdiana Jizzakh wins or draw.,Sogdiana Jizzakh wins or draw,1.215,2 - 1,1,old
2026-08-18,Second PFL,Pirin Blagoevgrad vs Hebar Pazardzhik,Upcoming fixture tip: Any team to win.,Any team to win,1.27,2 - 3,1,old
2026-08-18,Pro League,Paykan Tehran vs Gol Gohar Sirjan,Upcoming fixture tip: Paykan Tehran wins or draw.,Paykan Tehran wins or draw,1.36,0 - 0,1,old
2026-08-18,Pro League,Sepahan Isfahan vs Tractor Tabriz,Upcoming fixture tip: Sepahan Isfahan wins or draw.,Sepahan Isfahan wins or draw,1.367,0 - 2,0,old
2026-08-17,2. Liga,Slovan Bratislava B vs FK Humenne,Upcoming fixture tip: Any team to win.,Any team to win,1.228,3 - 0,1,old
2026-08-17,Liga I,Universitatea Cluj vs UTA Arad,Upcoming fixture tip: Universitatea Cluj wins or draw.,Universitatea Cluj wins or draw,1.242,2 - 1,1,old
2026-08-17,Coppa Italy,Pisa 1909 vs Empoli,Upcoming fixture tip: Any team to win.,Any team to win,1.272,1 - 1,0,old
2026-08-17,First PFL,Spartak Varna vs Septemvri Sofia,Upcoming fixture tip: Spartak Varna wins or draw.,Spartak Varna wins or draw,1.206,0 - 1,0,old
2026-08-17,Premier League,Birkirkara vs Gzira United,Upcoming fixture tip: Any team to win.,Any team to win,1.29,4 - 0,1,old
2026-08-16,Major League Soccer,San Jose Earthquakes vs St. Louis City,Upcoming fixture tip: San Jose Earthquakes wins or draw.,San Jose Earthquakes wins or draw,1.36,1 - 3,0,old
2026-08-16,National League,Viktoria Zizkov vs Banik Ostrava B,Upcoming fixture tip: Any team to win.,Any team to win,1.236,1 - 4,1,old
2026-08-16,2. Liga,Petrzalka Bratislava vs Tatran Presov,Upcoming fixture tip: Petrzalka Bratislava wins or draw.,Petrzalka Bratislava wins or draw,1.276,4 - 2,1,old
2026-08-16,2. Liga,OFK Malzenice vs MSK Povazska Bystrica,Upcoming fixture tip: Any team to win.,Any team to win,1.26,1 - 2,1,old
2026-08-16,Second League,First Vienna FC 1894 vs Liefering,Upcoming fixture tip: First Vienna FC 1894 wins or draw.,First Vienna FC 1894 wins or draw,1.356,2 - 2,1,old
2026-08-15,First League,SKA-Khabarovsk vs Veles Moskva,Upcoming fixture tip: Any team to win.,Any team to win,1.335,2 - 0,1,old
2026-08-15,J2 League,Blaublitz Akita vs Kataller Toyama,Upcoming fixture tip: Blaublitz Akita wins or draw.,Blaublitz Akita wins or draw,1.38,0 - 4,0,old
2026-08-15,J2 League,Tochigi City vs Vanraure Hachinohe,Upcoming fixture tip: Tochigi City wins or draw.,Tochigi City wins or draw,1.326,5 - 0,1,old
2026-08-15,J1 League,Shimizu S-Pulse vs Yokohama F. Marinos,Upcoming fixture tip: Shimizu S-Pulse wins or draw.,Shimizu S-Pulse wins or draw,1.388,0 - 1,0,old
2026-08-14,Super League,Qingdao West Coast vs Chongqing Tonglianglong,Upcoming fixture tip: Any team to win.,Any team to win,1.286,0 - 0,0,old
2026-08-14,Super League,Navbahor Namangan vs Bunyodkor Tashkent,Upcoming fixture tip: Navbahor Namangan wins.,Navbahor Namangan wins,1.35,4 - 3,1,old
2026-08-14,First League,Neftekhimik Nizhnekamsk vs Shinnik Yaroslavl,Upcoming fixture tip: Neftekhimik Nizhnekamsk wins or draw.,Neftekhimik Nizhnekamsk wins or draw,1.385,0 - 2,0,old
2026-08-14,Super League,Dinamo Samarqand vs Xorazm Urganch,Upcoming fixture tip: Any team to win.,Any team to win,1.28,2 - 2,0,old
2026-08-14,Liga I,FC Voluntari vs Petrolul Ploiesti,Upcoming fixture tip: FC Voluntari wins or draw.,FC Voluntari wins or draw,1.3,1 - 2,0,old
2026-08-11,Ykkonen,RoPS Rovaniemi vs KuPS Akatemia,Upcoming fixture tip: RoPS Rovaniemi wins.,RoPS Rovaniemi wins,1.308,2 - 1,1,old
2026-08-11,Ykkonen,TPV Tampere vs SalPa Salo,Upcoming fixture tip: Any team to win.,Any team to win,1.206,1 - 1,0,old
2026-08-11,Superettan,Helsingborgs vs IFK Varnamo,Upcoming fixture tip: Any team to win.,Any team to win,1.264,1 - 2,1,old
2026-08-11,Second PFL,Yantra Gabrovo vs Montana,Upcoming fixture tip: Any team to win.,Any team to win,1.253,3 - 2,1,old
2026-08-10,2. Liga,MSK Povazska Bystrica vs Zlate Moravce,Upcoming fixture tip: MSK Povazska Bystrica wins or draw.,MSK Povazska Bystrica wins or draw,1.376,2 - 1,1,old
2026-08-10,First PFL,Botev Vratsa vs Slavia Sofia,Upcoming fixture tip: Any team to win.,Any team to win,1.272,0 - 3,1,old
2026-08-10,1. SNL,NS Mura vs NK Radomlje,Upcoming fixture tip: Any team to win.,Any team to win,1.237,1 - 3,1,old
2026-08-10,Premier League,Alashkert vs BKMA,Upcoming fixture tip: Alashkert wins.,Alashkert wins,1.24,3 - 0,1,old
2026-08-10,Superettan,Norrby vs Orebro,Upcoming fixture tip: Any team to win.,Any team to win,1.286,3 - 1,1,old
2026-08-09,2. Liga,Slovan Bratislava B vs STK 1914 Samorin,Upcoming fixture tip: Any team to win.,Any team to win,1.252,1 - 2,1,old
2026-08-09,Second League,SKU Amstetten vs Admira Wacker Modling,Upcoming fixture tip: SKU Amstetten wins or draw.,SKU Amstetten wins or draw,1.342,2 - 1,1,old
2026-08-09,2. Liga,MSK Zilina B vs Pohronie Dolna Zdana,Upcoming fixture tip: Any team to win.,Any team to win,1.255,2 - 1,1,old
2026-08-09,J2 League,Iwaki FC vs Imabari,Upcoming fixture tip: Iwaki FC wins or draw.,Iwaki FC wins or draw,1.238,2 - 1,1,old
2026-08-09,J2 League,Montedio Yamagata vs Tochigi City,Upcoming fixture tip: Montedio Yamagata wins or draw.,Montedio Yamagata wins or draw,1.352,2 - 0,1,old
2026-08-08,Liga Portugal 2,Chaves vs Academica Coimbra,Upcoming fixture tip: Any team to win.,Any team to win,1.308,1 - 4,1,old
2026-08-08,J1 League,Nagoya Grampus vs Shimizu S-Pulse,Upcoming fixture tip: Nagoya Grampus wins or draw.,Nagoya Grampus wins or draw,1.286,0 - 1,0,old
2026-08-08,J1 League,FC Tokyo vs Machida Zelvia,Upcoming fixture tip: FC Tokyo wins or draw.,FC Tokyo wins or draw,1.346,1 - 5,0,old
2026-08-08,J2 League,Jubilo Iwata vs Blaublitz Akita,Upcoming fixture tip: Jubilo Iwata wins or draw.,Jubilo Iwata wins or draw,1.348,1 - 1,1,old
2026-08-07,J1 League,Gamba Osaka vs Urawa Red Diamonds,Upcoming fixture tip: Gamba Osaka wins or draw.,Gamba Osaka wins or draw,1.358,4 - 3,1,old
2026-08-07,Super League,Beijing Guoan vs Shenzhen Peng City,Upcoming fixture tip: Beijing Guoan wins.,Beijing Guoan wins,1.356,4 - 0,1,old
2026-08-07,Super League,Lokomotiv Tashkent vs Dinamo Samarqand,Upcoming fixture tip: Any team to win.,Any team to win,1.293,2 - 1,1,old
2026-08-07,Premier League,Ararat-Armenia vs Urartu,Upcoming fixture tip: Any team to win.,Any team to win,1.263,2 - 1,1,old
2026-08-07,Ykkosliiga,JaPS Jarvenpaa vs MP Mikkeli,Upcoming fixture tip: JaPS Jarvenpaa wins or draw.,JaPS Jarvenpaa wins or draw,1.293,1 - 0,1,old
2026-08-06,Super League,Sogdiana Jizzakh vs PFK Andijan,Upcoming fixture tip: Any team to win.,Any team to win,1.268,1 - 0,1,old
2026-08-05,Russian Cup,Spartak Moskva vs FC Orenburg,Upcoming fixture tip: Spartak Moskva wins.,Spartak Moskva wins,1.32,5 - 1,1,old
2026-08-05,Ykkonen,SalPa Salo vs JJK Jyvaskyla,Upcoming fixture tip: SalPa Salo wins or draw.,SalPa Salo wins or draw,1.276,2 - 1,1,old
2026-08-05,Primera Nacional,Club Almagro vs Gimnasia y Tiro,Upcoming fixture tip: Club Almagro wins or draw.,Club Almagro wins or draw,1.362,0 - 2,0,old
2026-08-05,Qualification,Fenerbahce vs Sturm Graz,Upcoming fixture tip: Fenerbahce wins.,Fenerbahce wins,1.356,2 - 0,1,old
2026-08-05,Liga Profesional,Boca Juniors vs Estudiantes La Plata,Upcoming fixture tip: Boca Juniors wins or draw.,Boca Juniors wins or draw,1.222,1 - 0,1,old
2026-08-04,Second PFL,Montana vs Nesebar,Upcoming fixture tip: Montana wins.,Montana wins,1.232,3 - 1,1,old
2026-08-04,Toto Cup,Ironi Kiryat Shmona vs Bnei Sakhnin,Upcoming fixture tip: Any team to win.,Any team to win,1.262,1 - 0,1,old
2026-08-03,First League,FC Ufa vs KAMAZ Chelny,Upcoming fixture tip: FC Ufa wins or draw.,FC Ufa wins or draw,1.31,1 - 1,1,old
2026-08-03,Super League,AGMK Olmaliq vs Nasaf Qarshi,Upcoming fixture tip: AGMK Olmaliq wins or draw.,AGMK Olmaliq wins or draw,1.362,1 - 2,0,old
2026-08-03,Second PFL,Etar Veliko Tarnovo vs Yantra Gabrovo,Upcoming fixture tip: Any team to win.,Any team to win,1.258,2 - 1,1,old
2026-08-03,First Division,Cork City vs Athlone Town,Upcoming fixture tip: Cork City wins.,Cork City wins,1.384,3 - 2,1,old
2026-08-02,Major League Soccer,Los Angeles Galaxy vs FC Dallas,Upcoming fixture tip: Any team to win.,Any team to win,1.254,0 - 0,0,old
2026-08-02,Major League Soccer,Portland Timbers vs Seattle Sounders,Upcoming fixture tip: Portland Timbers wins or draw.,Portland Timbers wins or draw,1.342,2 - 1,1,old
2026-08-02,Second League,Hertha Wels vs Austria Salzburg,Upcoming fixture tip: Any team to win.,Any team to win,1.258,0 - 2,1,old
2026-08-01,Liga MX,Atletico San Luis vs Club Tijuana,Upcoming fixture tip: Any team to win.,Any team to win,1.296,0 - 0,0,old
2026-08-01,Liga de Expansion MX,Atletico La Paz vs Alacranes de Durango,Upcoming fixture tip: Atletico La Paz wins or draw.,Atletico La Paz wins or draw,1.346,0 - 1,0,old
2026-08-01,Liga MX,Juarez vs Pumas UNAM,Upcoming fixture tip: Any team to win.,Any team to win,1.29,1 - 5,1,old
2026-08-01,First League,Metalist Kharkov vs Probiy Horodenka,Upcoming fixture tip: Metalist Kharkov wins or draw.,Metalist Kharkov wins or draw,1.3,3 - 1,1,old
2026-08-01,K League 1,Pohang Steelers vs Gimcheon Sangmu,Upcoming fixture tip: Pohang Steelers wins or draw.,Pohang Steelers wins or draw,1.266,0 - 1,0,old
2026-07-31,Super League,Henan FC vs Dalian Yingbo,Upcoming fixture tip: Any team to win.,Any team to win,1.228,1 - 1,0,old
2026-07-31,First League,Ahrobiznes Volochysk vs FSC Mariupol,Upcoming fixture tip: Ahrobiznes Volochysk wins or draw.,Ahrobiznes Volochysk wins or draw,1.315,2 - 0,1,old
2026-07-31,National League,Viktoria Zizkov vs SK Prostejov,Upcoming fixture tip: Any team to win.,Any team to win,1.253,1 - 0,1,old
2026-07-31,2. Liga,Pohronie Dolna Zdana vs MSK Povazska Bystrica,Upcoming fixture tip: Any team to win.,Any team to win,1.263,2 - 1,1,old
2026-07-31,Ykkosliiga,Ekenas IF vs Klubi-04 Helsinki,Upcoming fixture tip: Any team to win.,Any team to win,1.21,2 - 0,1,old
2026-07-30,Qualification,Maccabi Tel Aviv vs Sheriff Tiraspol,Upcoming fixture tip: Maccabi Tel Aviv wins.,Maccabi Tel Aviv wins,1.356,1 - 0,1,old
2026-07-29,Super League,Dinamo Samarqand vs Kokand 1912,Upcoming fixture tip: Any team to win.,Any team to win,1.283,3 - 2,1,old
2026-07-29,Ykkosliiga,MP Mikkeli vs KaPa Helsinki,Upcoming fixture tip: Any team to win.,Any team to win,1.234,2 - 1,1,old
2026-07-28,Super League,Xorazm Urganch vs Surkhon Termez,Upcoming fixture tip: Xorazm Urganch wins or draw.,Xorazm Urganch wins or draw,1.253,1 - 0,1,old
2026-07-28,Second PFL,Vihren Sandanski vs CSKA Sofia II,Upcoming fixture tip: Vihren Sandanski wins or draw.,Vihren Sandanski wins or draw,1.202,1 - 1,1,old
2026-07-28,Superettan,Helsingborgs vs United IK Nordic,Upcoming fixture tip: Helsingborgs wins or draw.,Helsingborgs wins or draw,1.347,1 - 1,1,old
2026-07-27,Liga Nacional,Suchitepequez vs Comunicaciones,Upcoming fixture tip: Suchitepequez wins or draw.,Suchitepequez wins or draw,1.246,0 - 0,1,old
2026-07-27,Serie A,Barcelona Guayaquil vs LDU de Quito,Upcoming fixture tip: Barcelona Guayaquil wins or draw.,Barcelona Guayaquil wins or draw,1.273,0 - 1,0,old
2026-07-27,Primera Division,Deportes Concepcion vs O'Higgins Rancagua,Upcoming fixture tip: Deportes Concepcion wins or draw.,Deportes Concepcion wins or draw,1.362,2 - 0,1,old
2026-07-27,2. Liga,STK 1914 Samorin vs OFK Malzenice,Upcoming fixture tip: Any team to win.,Any team to win,1.268,2 - 0,1,old
2026-07-27,Virsliga,FK Tukums 2000 vs RFS Riga,Upcoming fixture tip: RFS Riga wins.,RFS Riga wins,1.202,0 - 1,1,old
2026-07-26,Major League Soccer,San Jose Earthquakes vs Los Angeles Galaxy,Upcoming fixture tip: Any team to win.,Any team to win,1.222,1 - 1,0,old
2026-07-26,Major League Soccer,Portland Timbers vs Real Salt Lake,Upcoming fixture tip: Any team to win.,Any team to win,1.24,2 - 1,1,old
2026-07-26,Major League Soccer,Los Angeles FC vs Sporting Kansas City,Upcoming fixture tip: Los Angeles FC wins.,Los Angeles FC wins,1.23,4 - 0,1,old
2026-07-26,Liga MX,Santos Laguna vs Atlas Guadalajara,Upcoming fixture tip: Any team to win.,Any team to win,1.308,0 - 1,1,old
2026-07-26,National League,Slavia Prague B vs Pribram,Upcoming fixture tip: Slavia Prague B wins or draw.,Slavia Prague B wins or draw,1.264,2 - 2,1,old
2026-07-25,Liga MX,Club Tijuana vs Leon,Upcoming fixture tip: Club Tijuana wins or draw.,Club Tijuana wins or draw,1.274,1 - 0,1,old
2026-07-25,K League 2,Hwaseong FC vs Chungnam Asan,Upcoming fixture tip: Any team to win.,Any team to win,1.282,3 - 2,1,old
2026-07-25,Super League,Shanghai Port vs Shanghai Shenhua,Upcoming fixture tip: Any team to win.,Any team to win,1.236,2 - 0,1,old
2026-07-25,Super League,Liaoning Tieren vs Qingdao West Coast,Upcoming fixture tip: Any team to win.,Any team to win,1.264,0 - 1,1,old
2026-07-24,First League,FSC Mariupol vs Viktoriya Sumy,Upcoming fixture tip: FSC Mariupol wins or draw.,FSC Mariupol wins or draw,1.27,0 - 1,0,old
2026-07-24,Liga I,UTA Arad vs Otelul Galati,Upcoming fixture tip: UTA Arad wins or draw.,UTA Arad wins or draw,1.274,2 - 2,1,old
2026-07-24,Ykkonen,Jazz Pori vs TPV Tampere,Upcoming fixture tip: Any team to win.,Any team to win,1.204,4 - 0,1,old
2026-07-24,Ykkonen,Tampere United vs Inter Turku 2,Upcoming fixture tip: Tampere United wins.,Tampere United wins,1.264,2 - 2,0,old
2026-07-24,National League,Vysocina Jihlava vs Viktoria Zizkov,Upcoming fixture tip: Vysocina Jihlava wins or draw.,Vysocina Jihlava wins or draw,1.308,1 - 0,1,old
2026-07-23,Super League,Navbahor Namangan vs PFK Qizilqum,Upcoming fixture tip: Navbahor Namangan wins.,Navbahor Namangan wins,1.305,1 - 1,0,old
2026-07-22,Super League,Lokomotiv Tashkent vs PFK Andijan,Upcoming fixture tip: Any team to win.,Any team to win,1.355,3 - 3,0,old
2026-07-21,K League 1,Jeonbuk Hyundai Motors vs Daejeon Hana Citizen,Upcoming fixture tip: Jeonbuk Hyundai Motors wins or draw.,Jeonbuk Hyundai Motors wins or draw,1.242,0 - 0,1,old
2026-07-21,K League 1,Ulsan HD vs Incheon United,Upcoming fixture tip: Ulsan HD wins or draw.,Ulsan HD wins or draw,1.294,1 - 2,0,old
2026-07-21,Super League,Buxoro FK vs Bunyodkor Tashkent,Upcoming fixture tip: Buxoro FK wins or draw.,Buxoro FK wins or draw,1.22,1 - 0,1,old
2026-07-21,Super League,Pakhtakor Tashkent vs Xorazm Urganch,Upcoming fixture tip: Pakhtakor Tashkent wins.,Pakhtakor Tashkent wins,1.35,2 - 1,1,old
2026-07-21,Ykkosliiga,KaPa Helsinki vs Klubi-04 Helsinki,Upcoming fixture tip: Any team to win.,Any team to win,1.227,0 - 2,1,old
2026-07-20,Ykkonen,KPV Kokkola vs RoPS Rovaniemi,Upcoming fixture tip: RoPS Rovaniemi wins.,RoPS Rovaniemi wins,1.204,1 - 1,0,old
2026-07-20,Virsliga,Super Nova Riga vs FK Grobina,Upcoming fixture tip: Super Nova Riga wins or draw.,Super Nova Riga wins or draw,1.382,2 - 0,1,old
2026-07-20,Superettan,Norrby vs Sundsvall,Upcoming fixture tip: Norrby wins or draw.,Norrby wins or draw,1.224,3 - 1,1,old
2026-07-20,Allsvenskan,Orgryte vs Djurgardens,Upcoming fixture tip: Djurgardens wins.,Djurgardens wins,1.35,0 - 0,0,old
2026-07-19,K League 2,Chungbuk Cheongju vs Cheonan City,Upcoming fixture tip: Any team to win.,Any team to win,1.274,1 - 0,1,old
2026-07-19,K League 2,Suwon Samsung Bluewings vs Paju Frontier,Upcoming fixture tip: Suwon Samsung Bluewings wins.,Suwon Samsung Bluewings wins,1.34,0 - 0,0,old
2026-07-19,First League,Ural Sverdlovskaya Oblast vs Yenisey Krasnoyarsk,Upcoming fixture tip: Ural Sverdlovskaya Oblast wins or draw.,Ural Sverdlovskaya Oblast wins or draw,1.25,3 - 0,1,old
2026-07-19,Superettan,IFK Varnamo vs Ljungskile,Upcoming fixture tip: Any team to win.,Any team to win,1.256,2 - 3,1,old
2026-07-18,Major League Soccer,Los Angeles Galaxy vs Los Angeles FC,Upcoming fixture tip: Any team to win.,Any team to win,1.254,0 - 3,1,old
2026-07-18,K League 2,Jeonnam Dragons vs Chungnam Asan,Upcoming fixture tip: Any team to win.,Any team to win,1.254,1 - 0,1,old
2026-07-18,K League 1,Daejeon Hana Citizen vs Ulsan HD,Upcoming fixture tip: Any team to win.,Any team to win,1.292,2 - 2,0,old
2026-07-18,K League 1,Jeju SK vs Pohang Steelers,Upcoming fixture tip: Any team to win.,Any team to win,1.338,2 - 1,1,old
2026-07-18,Superettan,Oddevold vs Varbergs BoIS,Upcoming fixture tip: Any team to win.,Any team to win,1.282,2 - 4,1,old
2026-07-16,Super League,Neftchi Fergana vs Buxoro FK,Upcoming fixture tip: Neftchi Fergana wins.,Neftchi Fergana wins,1.298,2 - 1,1,old
2026-07-15,Serie A,Libertad Loja vs Tecnico Universitario,Upcoming fixture tip: Libertad Loja wins or draw.,Libertad Loja wins or draw,1.348,1 - 0,1,old
2026-07-15,Serie A,Universidad Catolica Quito vs LDU de Quito,Upcoming fixture tip: Any team to win.,Any team to win,1.283,1 - 0,1,old
2026-07-15,Serie A,Leones Atuntaqui vs Deportivo Cuenca,Upcoming fixture tip: Leones Atuntaqui wins or draw.,Leones Atuntaqui wins or draw,1.328,1 - 1,1,old
2026-07-13,First League,Ural Sverdlovskaya Oblast vs Torpedo Moskva,Upcoming fixture tip: Ural Sverdlovskaya Oblast wins or draw.,Ural Sverdlovskaya Oblast wins or draw,1.26,0 - 1,0,old
2026-07-13,Allsvenskan,Djurgardens vs Halmstads,Upcoming fixture tip: Djurgardens wins.,Djurgardens wins,1.218,3 - 0,1,old
2026-07-12,K League 2,Busan I'Park vs Gimpo FC,Upcoming fixture tip: Busan I'Park wins or draw.,Busan I'Park wins or draw,1.388,2 - 0,1,old
2026-07-12,K League 2,Chungnam Asan vs Gyeongnam FC,Upcoming fixture tip: Chungnam Asan wins or draw.,Chungnam Asan wins or draw,1.262,1 - 1,1,old
2026-07-12,K League 1,Incheon United vs FC Anyang,Upcoming fixture tip: Any team to win.,Any team to win,1.298,0 - 1,1,old
2026-07-12,K League 1,FC Seoul vs Gangwon FC,Upcoming fixture tip: Any team to win.,Any team to win,1.346,0 - 0,0,old
2026-07-11,K League 1,Gimcheon Sangmu vs Bucheon FC 1995,Upcoming fixture tip: Gimcheon Sangmu wins or draw.,Gimcheon Sangmu wins or draw,1.236,1 - 1,1,old
2026-07-11,K League 2,Ansan Greeners vs Suwon Samsung Bluewings,Upcoming fixture tip: Suwon Samsung Bluewings wins.,Suwon Samsung Bluewings wins,1.328,2 - 1,0,old
2026-07-11,Meistriliiga,Parnu Vaprus vs Tartu Tammeka,Upcoming fixture tip: Any team to win.,Any team to win,1.262,5 - 1,1,old
2026-07-11,Super League,Shenzhen Peng City vs Qingdao West Coast,Upcoming fixture tip: Shenzhen Peng City wins or draw.,Shenzhen Peng City wins or draw,1.346,3 - 0,1,old
2026-07-10,K League 2,Suwon FC vs Jeonnam Dragons,Upcoming fixture tip: Suwon FC wins or draw.,Suwon FC wins or draw,1.226,5 - 0,1,old
2026-07-10,K League 2,Cheonan City vs Gimhae FC 2008,Upcoming fixture tip: Cheonan City wins or draw.,Cheonan City wins or draw,1.208,0 - 1,0,old
2026-07-10,Premier League,Dnepr Mogilev vs FC Minsk,Upcoming fixture tip: Any team to win.,Any team to win,1.33,1 - 2,1,old
2026-07-10,Ykkosliiga,KTP Kotka vs JaPS Jarvenpaa,Upcoming fixture tip: KTP Kotka wins.,KTP Kotka wins,1.326,4 - 1,1,old
2026-07-10,Meistriliiga,Harju JK Laagri vs Narva Trans,Upcoming fixture tip: Harju JK Laagri wins or draw.,Harju JK Laagri wins or draw,1.282,3 - 0,1,old
2026-07-08,Primera Division,CDT Real Oruro vs Universitario de Vinto,Upcoming fixture tip: CDT Real Oruro wins or draw.,CDT Real Oruro wins or draw,1.275,4 - 1,1,old
2026-07-06,Allsvenskan,Hacken vs Djurgardens,Upcoming fixture tip: Any team to win.,Any team to win,1.25,2 - 4,1,old
2026-07-05,K League 1,Gimcheon Sangmu vs Jeju SK,Upcoming fixture tip: Any team to win.,Any team to win,1.31,1 - 1,0,old
2026-07-05,K League 1,FC Seoul vs Incheon United,Upcoming fixture tip: Any team to win.,Any team to win,1.284,1 - 0,1,old
2026-07-05,K League 2,Gyeongnam FC vs Cheonan City,Upcoming fixture tip: Any team to win.,Any team to win,1.296,2 - 1,1,old
2026-07-05,Allsvenskan,IFK Goteborg vs AIK Stockholm,Upcoming fixture tip: Any team to win.,Any team to win,1.268,1 - 2,1,old
2026-07-05,Virsliga,FK Grobina vs FK Tukums 2000,Upcoming fixture tip: Any team to win.,Any team to win,1.25,3 - 1,1,old
2026-07-04,K League 1,Jeonbuk Hyundai Motors vs Gangwon FC,Upcoming fixture tip: Any team to win.,Any team to win,1.338,1 - 2,1,old
2026-07-04,K League 2,Suwon Samsung Bluewings vs Seongnam FC,Upcoming fixture tip: Any team to win.,Any team to win,1.274,1 - 0,1,old
2026-07-04,Super League,Tianjin Jinmen Tiger vs Shenzhen Peng City,Upcoming fixture tip: Tianjin Jinmen Tiger wins or draw.,Tianjin Jinmen Tiger wins or draw,1.33,3 - 0,1,old
2026-07-04,1. Division,Egersunds vs Moss FK,Upcoming fixture tip: Any team to win.,Any team to win,1.222,3 - 0,1,old
2026-07-04,Veikkausliiga,FC Lahti vs Gnistan Helsinki,Upcoming fixture tip: FC Lahti wins or draw.,FC Lahti wins or draw,1.364,1 - 0,1,old
2026-07-03,Super League,Yunnan Yukun vs Henan FC,Upcoming fixture tip: Any team to win.,Any team to win,1.256,2 - 1,1,old
2026-07-03,Ykkosliiga,JaPS Jarvenpaa vs SJK Akatemia,Upcoming fixture tip: JaPS Jarvenpaa wins or draw.,JaPS Jarvenpaa wins or draw,1.215,1 - 0,1,old
2026-07-03,1. Division,Raufoss IL vs Strommen,Upcoming fixture tip: Any team to win.,Any team to win,1.228,1 - 0,1,old
2026-07-02,Meistriliiga,Kuressaare vs Flora Tallinn,Upcoming fixture tip: Flora Tallinn wins.,Flora Tallinn wins,1.286,0 - 3,1,old
2026-07-02,Botola,Olympique Dcheira vs OCS Safi,Upcoming fixture tip: Any team to win.,Any team to win,1.302,1 - 1,0,old
2026-07-02,Premier League,Thor Akureyri vs KR Reykjavik,Upcoming fixture tip: KR Reykjavik wins.,KR Reykjavik wins,1.274,3 - 3,0,old
2026-07-02,Botola,Union Touarga Sport vs IR Tanger,Upcoming fixture tip: Any team to win.,Any team to win,1.296,1 - 0,1,old
2026-07-02,Botola,US Yacoub El Mansour vs Difaa Hassani El Jadidi,Upcoming fixture tip: Any team to win.,Any team to win,1.296,2 - 2,0,old
2026-07-01,Virsliga,FK Tukums 2000 vs Super Nova Riga,Upcoming fixture tip: FK Tukums 2000 wins or draw.,FK Tukums 2000 wins or draw,1.29,1 - 2,0,old
2026-07-01,Division 1,Eskilsminne IF vs Kristianstad FC,Upcoming fixture tip: Any team to win.,Any team to win,1.24,3 - 2,1,old
2026-06-30,Virsliga,FK Liepaja vs Ogre United,Upcoming fixture tip: FK Liepaja wins.,FK Liepaja wins,1.262,4 - 0,1,old
2026-06-29,Virsliga,FS Jelgava vs FK Grobina,Upcoming fixture tip: FS Jelgava wins or draw.,FS Jelgava wins or draw,1.26,2 - 0,1,old
2026-06-29,Virsliga,Auda Kekava vs Riga FC,Upcoming fixture tip: Riga FC wins.,Riga FC wins,1.358,0 - 2,1,old
2026-06-28,Division 1,Olympic Malmo vs Eskilsminne IF,Upcoming fixture tip: Any team to win.,Any team to win,1.22,2 - 1,1,old
2026-06-28,Premier League,Irtysh Pavlodar vs Kaisar Kyzylorda,Upcoming fixture tip: Irtysh Pavlodar wins or draw.,Irtysh Pavlodar wins or draw,1.302,1 - 2,0,old
2026-06-28,Ykkosliiga,KaPa Helsinki vs JaPS Jarvenpaa,Upcoming fixture tip: Any team to win.,Any team to win,1.25,3 - 1,1,old
2026-06-28,Meistriliiga,Nomme Kalju vs Paide Linnameeskond,Upcoming fixture tip: Any team to win.,Any team to win,1.264,1 - 1,0,old
2026-06-28,2. Division,Sotra SK vs Jerv Grimstad,Upcoming fixture tip: Any team to win.,Any team to win,1.242,1 - 3,1,old
2026-06-27,2. Division,Ullensaker Kisa vs Rana FK,Upcoming fixture tip: Any team to win.,Any team to win,1.206,1 - 3,1,old
2026-06-27,Veikkausliiga,Ilves Tampere vs Seinajoen JK,Upcoming fixture tip: Any team to win.,Any team to win,1.242,2 - 2,0,old
2026-06-27,Division 1,Trollhattans vs Angelholms,Upcoming fixture tip: Any team to win.,Any team to win,1.22,1 - 1,0,old
2026-06-27,Super League,Henan FC vs Shanghai Port,Upcoming fixture tip: Henan FC wins or draw.,Henan FC wins or draw,1.324,1 - 2,0,old
2026-06-27,Super League,Beijing Guoan vs Wuhan Three Towns,Upcoming fixture tip: Beijing Guoan wins.,Beijing Guoan wins,1.314,1 - 0,1,old
2026-06-26,Super League,Qingdao Hainiu vs Yunnan Yukun,Upcoming fixture tip: Any team to win.,Any team to win,1.255,4 - 2,1,old
2026-06-26,Ykkosliiga,Klubi-04 Helsinki vs SJK Akatemia,Upcoming fixture tip: Any team to win.,Any team to win,1.23,2 - 0,1,old
2026-06-26,Virsliga,FK Liepaja vs RFS Riga,Upcoming fixture tip: RFS Riga wins.,RFS Riga wins,1.348,0 - 2,1,old
2026-06-26,Division 1,Sollentuna FK vs AFC Eskilstuna,Upcoming fixture tip: Any team to win.,Any team to win,1.244,1 - 4,1,old
2026-06-26,Superettan,Brage vs Falkenbergs,Upcoming fixture tip: Any team to win.,Any team to win,1.268,2 - 4,1,old
2026-06-25,Virsliga,BFC Daugavpils vs Riga FC,Upcoming fixture tip: Riga FC wins.,Riga FC wins,1.268,0 - 0,0,old
2026-06-25,Botola,Olympique Dcheira vs IR Tanger,Upcoming fixture tip: Any team to win.,Any team to win,1.33,2 - 0,1,old
2026-06-25,Botola,Wydad Casablanca vs MAS Fez,Upcoming fixture tip: Wydad Casablanca wins or draw.,Wydad Casablanca wins or draw,1.216,0 - 1,0,old
2026-06-25,Botola,Union Touarga Sport vs Difaa Hassani El Jadidi,Upcoming fixture tip: Union Touarga Sport wins or draw.,Union Touarga Sport wins or draw,1.202,1 - 2,0,old
2026-06-24,Division 1,Karlbergs BK vs Pitea IF,Upcoming fixture tip: Karlbergs BK wins.,Karlbergs BK wins,1.374,3 - 1,1,old
2026-06-23,Veikkausliiga,VPS Vaasa vs AC Oulu,Upcoming fixture tip: VPS Vaasa wins or draw.,VPS Vaasa wins or draw,1.384,5 - 1,1,old
2026-06-23,Premier Liga,Iberia 1999 Tbilisi vs Meshakhte Tkibuli,Upcoming fixture tip: Iberia 1999 Tbilisi wins.,Iberia 1999 Tbilisi wins,1.352,2 - 1,1,old
2026-06-23,Veikkausliiga,IFK Mariehamn vs HJK Helsinki,Upcoming fixture tip: HJK Helsinki wins.,HJK Helsinki wins,1.33,0 - 4,1,old
2026-06-22,Premier Liga,Dila Gori vs Rustavi,Upcoming fixture tip: Any team to win.,Any team to win,1.312,3 - 0,1,old
2026-06-22,Superettan,Oddevold vs Ljungskile,Upcoming fixture tip: Any team to win.,Any team to win,1.264,0 - 0,0,old
2026-06-22,Superettan,Varbergs BoIS vs Landskrona BoIS,Upcoming fixture tip: Varbergs BoIS wins or draw.,Varbergs BoIS wins or draw,1.206,2 - 3,0,old
2026-06-21,2. Division,Arendal vs Traeff,Upcoming fixture tip: Any team to win.,Any team to win,1.235,3 - 1,1,old
2026-06-21,2. Division,Honefoss vs Eidsvold TF,Upcoming fixture tip: Any team to win.,Any team to win,1.227,2 - 1,1,old
2026-06-21,Premier League,Okzhetpes Kokshetau vs Tobol Kostanay,Upcoming fixture tip: Any team to win.,Any team to win,1.283,2 - 1,1,old
2026-06-21,2. Division,Brattvag IL vs Jerv Grimstad,Upcoming fixture tip: Any team to win.,Any team to win,1.245,1 - 2,1,old
2026-06-20,Meistriliiga,Harju JK Laagri vs Nomme United,Upcoming fixture tip: Any team to win.,Any team to win,1.214,1 - 3,1,old
2026-06-20,2. Division,Kjelsas vs Ullensaker Kisa,Upcoming fixture tip: Kjelsas wins.,Kjelsas wins,1.273,3 - 0,1,old
2026-06-20,2. Division,Levanger FK vs Skeid,Upcoming fixture tip: Levanger FK wins or draw.,Levanger FK wins or draw,1.227,2 - 1,1,old
2026-06-20,2. Division,Bjarg vs Vidar,Upcoming fixture tip: Bjarg wins.,Bjarg wins,1.223,3 - 1,1,old
2026-06-20,Premier League,Zhenis Astana vs Irtysh Pavlodar,Upcoming fixture tip: Zhenis Astana wins or draw.,Zhenis Astana wins or draw,1.274,0 - 0,1,old
2026-06-18,Veikkausliiga,AC Oulu vs IFK Mariehamn,Upcoming fixture tip: AC Oulu wins.,AC Oulu wins,1.362,2 - 1,1,old
2026-06-18,Botola,US Yacoub El Mansour vs HUSA Agadir,Upcoming fixture tip: US Yacoub El Mansour wins or draw.,US Yacoub El Mansour wins or draw,1.342,2 - 1,1,old
2026-06-18,Division 1,Eskilsminne IF vs Trollhattans,Upcoming fixture tip: Any team to win.,Any team to win,1.218,2 - 0,1,old
2026-06-18,Division 1,Vasalunds IF vs Karlbergs BK,Upcoming fixture tip: Any team to win.,Any team to win,1.21,0 - 4,1,old
2026-06-18,Division 1,Tvaakers IF vs Angelholms,Upcoming fixture tip: Any team to win.,Any team to win,1.26,3 - 2,1,old
2026-06-17,Premier League,Kairat Almaty vs Kyzylzhar Petropavl,Upcoming fixture tip: Kairat Almaty wins.,Kairat Almaty wins,1.294,3 - 0,1,old
2026-06-17,Botola,KACM Marrakech vs IR Tanger,Upcoming fixture tip: KACM Marrakech wins or draw.,KACM Marrakech wins or draw,1.29,0 - 2,0,old
2026-06-17,Veikkausliiga,HJK Helsinki vs Inter Turku,Upcoming fixture tip: Any team to win.,Any team to win,1.272,3 - 3,0,old
2026-06-17,Cup of Belarus,FC Slutsk vs Dinamo Minsk,Upcoming fixture tip: Dinamo Minsk wins.,Dinamo Minsk wins,1.24,0 - 2,1,old
2026-06-17,Virsliga,Riga FC vs RFS Riga,Upcoming fixture tip: Any team to win.,Any team to win,1.27,2 - 1,1,old
2026-06-16,Virsliga,BFC Daugavpils vs Super Nova Riga,Upcoming fixture tip: BFC Daugavpils wins or draw.,BFC Daugavpils wins or draw,1.208,0 - 0,1,old
2026-06-16,Meistriliiga,Parnu Vaprus vs Flora Tallinn,Upcoming fixture tip: Flora Tallinn wins.,Flora Tallinn wins,1.382,1 - 2,1,old
2026-06-16,Meistriliiga,Kuressaare vs Narva Trans,Upcoming fixture tip: Kuressaare wins or draw.,Kuressaare wins or draw,1.388,0 - 0,1,old
2026-06-16,Superettan,IFK Varnamo vs Helsingborgs,Upcoming fixture tip: Any team to win.,Any team to win,1.27,0 - 1,1,old
2026-06-16,Premier League,Akranes vs Valur Reykjavik,Upcoming fixture tip: Any team to win.,Any team to win,1.212,1 - 0,1,old
2026-06-14,2. Division,Sotra SK vs Brattvag IL,Upcoming fixture tip: Any team to win.,Any team to win,1.214,0 - 1,1,old
2026-06-14,Premier League,Ulytau Jezkazgan vs Zhenis Astana,Upcoming fixture tip: Ulytau Jezkazgan wins or draw.,Ulytau Jezkazgan wins or draw,1.34,2 - 1,1,old
2026-06-14,2. Division,Lorenskog vs Tromsdalen,Upcoming fixture tip: Any team to win.,Any team to win,1.224,6 - 0,1,old
2026-06-14,2. Division,Jerv Grimstad vs IL Sandviken,Upcoming fixture tip: Jerv Grimstad wins.,Jerv Grimstad wins,1.332,2 - 1,1,old
2026-06-14,Superettan,Ljungskile vs Ostersunds,Upcoming fixture tip: Any team to win.,Any team to win,1.264,1 - 1,0,old
2026-06-13,Meistriliiga,Harju JK Laagri vs Kuressaare,Upcoming fixture tip: Harju JK Laagri wins or draw.,Harju JK Laagri wins or draw,1.32,2 - 3,0,old
2026-06-13,Premier League,Tobol Kostanay vs Kyzylzhar Petropavl,Upcoming fixture tip: Tobol Kostanay wins or draw.,Tobol Kostanay wins or draw,1.212,2 - 0,1,old
2026-06-13,Meistriliiga,Narva Trans vs Nomme United,Upcoming fixture tip: Narva Trans wins or draw.,Narva Trans wins or draw,1.366,1 - 2,0,old
2026-06-13,Veikkausliiga,Ilves Tampere vs TPS Turku,Upcoming fixture tip: Ilves Tampere wins or draw.,Ilves Tampere wins or draw,1.222,1 - 0,1,old
2026-06-13,Meistriliiga,Tartu Tammeka vs Parnu Vaprus,Upcoming fixture tip: Tartu Tammeka wins or draw.,Tartu Tammeka wins or draw,1.288,0 - 0,1,old
2026-06-12,Premier League,Isloch Minsk Raion vs Naftan Novopolotsk,Upcoming fixture tip: Isloch Minsk Raion wins.,Isloch Minsk Raion wins,1.303,3 - 1,1,old
2026-06-12,Botola,OCS Safi vs KACM Marrakech,Upcoming fixture tip: OCS Safi wins or draw.,OCS Safi wins or draw,1.244,1 - 0,1,old
2026-06-12,Botola,FUS Rabat vs MAS Fez,Upcoming fixture tip: FUS Rabat wins or draw.,FUS Rabat wins or draw,1.36,1 - 1,1,old
2026-06-12,Botola,Difaa Hassani El Jadidi vs Olympique Dcheira,Upcoming fixture tip: Difaa Hassani El Jadidi wins or draw.,Difaa Hassani El Jadidi wins or draw,1.212,2 - 2,1,old
2026-06-12,Botola,CODM Meknes vs Renaissance Zemamra,Upcoming fixture tip: Any team to win.,Any team to win,1.36,1 - 2,1,old
2026-06-11,Ykkonen,Tampere United vs OLS Oulu,Upcoming fixture tip: Tampere United wins or draw.,Tampere United wins or draw,1.324,3 - 0,1,old
2026-06-11,Superettan,Helsingborgs vs Landskrona BoIS,Upcoming fixture tip: Any team to win.,Any team to win,1.284,0 - 3,1,old
2026-06-11,Premier League,Al Shabab SC Kuwait vs Al Jahra SC Jahra,Upcoming fixture tip: Any team to win.,Any team to win,1.255,1 - 0,1,old
2026-06-10,Superettan,Orebro vs Sundsvall,Upcoming fixture tip: Any team to win.,Any team to win,1.296,0 - 1,1,old
2026-06-09,Botola,US Yacoub El Mansour vs CODM Meknes,Upcoming fixture tip: US Yacoub El Mansour wins or draw.,US Yacoub El Mansour wins or draw,1.244,1 - 1,1,old
2026-06-09,Superettan,Osters vs IFK Varnamo,Upcoming fixture tip: Any team to win.,Any team to win,1.25,3 - 0,1,old
2026-06-09,Superettan,Sandvikens IF vs Falkenbergs,Upcoming fixture tip: Any team to win.,Any team to win,1.268,4 - 2,1,old
2026-06-09,Superettan,United IK Nordic vs Ostersunds,Upcoming fixture tip: Any team to win.,Any team to win,1.283,1 - 1,0,old
2026-06-09,Botola,Renaissance Zemamra vs Union Touarga Sport,Upcoming fixture tip: Renaissance Zemamra wins or draw.,Renaissance Zemamra wins or draw,1.278,0 - 1,0,old
2026-06-03,Botola,Renaissance Zemamra vs US Yacoub El Mansour,Upcoming fixture tip: Renaissance Zemamra wins or draw.,Renaissance Zemamra wins or draw,1.276,2 - 1,1,old
2026-06-03,Division 1,Olympic Malmo vs Lunds,Upcoming fixture tip: Any team to win.,Any team to win,1.246,1 - 3,1,old
2026-06-02,Ykkonen,RoPS Rovaniemi vs OLS Oulu,Upcoming fixture tip: RoPS Rovaniemi wins or draw.,RoPS Rovaniemi wins or draw,1.294,1 - 1,1,old
2026-06-02,Division 1,Rosengard 1917 vs Angelholms,Upcoming fixture tip: Any team to win.,Any team to win,1.224,1 - 2,0,old
2026-06-01,First League,Probiy Horodenka vs Prykarpattia Ivano-Frankivsk,Upcoming fixture tip: Probiy Horodenka wins or draw.,Probiy Horodenka wins or draw,1.35,0 - 3,0,old
2026-06-01,First League,Chernomorets Odesa vs Metalist Kharkov,Upcoming fixture tip: Chernomorets Odesa wins.,Chernomorets Odesa wins,1.23,1 - 0,1,old
2026-06-01,First League,UCSA Tarasivka vs Nyva Ternopil,Upcoming fixture tip: UCSA Tarasivka wins or draw.,UCSA Tarasivka wins or draw,1.337,3 - 0,1,old
2026-06-01,First League,FSC Mariupol vs Viktoriya Sumy,Upcoming fixture tip: FSC Mariupol wins or draw.,FSC Mariupol wins or draw,1.276,2 - 0,1,old
2026-06-01,First League,Ahrobiznes Volochysk vs FC Chernihiv,Upcoming fixture tip: Ahrobiznes Volochysk wins or draw.,Ahrobiznes Volochysk wins or draw,1.298,1 - 0,1,old
2026-05-31,V.League 1,Nam Dinh FC vs Song Lam Nghe An,Upcoming fixture tip: Nam Dinh FC wins.,Nam Dinh FC wins,1.325,3 - 0,1,old
2026-05-31,Super League,Tianjin Jinmen Tiger vs Dalian Yingbo,Upcoming fixture tip: Any team to win.,Any team to win,1.31,1 - 0,1,old
2026-05-31,Super League,Wuhan Three Towns vs Yunnan Yukun,Upcoming fixture tip: Any team to win.,Any team to win,1.264,1 - 1,0,old
2026-05-31,Allsvenskan,Hacken vs Hammarby,Upcoming fixture tip: Any team to win.,Any team to win,1.25,3 - 2,1,old
2026-05-31,Allsvenskan,Degerfors vs Brommapojkarna,Upcoming fixture tip: Any team to win.,Any team to win,1.308,2 - 2,0,old
2026-05-30,Super League,Qingdao West Coast vs Shanghai Shenhua,Upcoming fixture tip: Qingdao West Coast wins or draw.,Qingdao West Coast wins or draw,1.364,2 - 2,1,old
2026-05-30,Super League,Henan FC vs Zhejiang Professional,Upcoming fixture tip: Henan FC wins or draw.,Henan FC wins or draw,1.224,0 - 2,0,old
2026-05-30,Premier League,Arsenal Dzerzhinsk vs Dinamo Minsk,Upcoming fixture tip: Dinamo Minsk wins.,Dinamo Minsk wins,1.317,0 - 1,1,old
2026-05-30,Superettan,Ljungskile vs Varbergs BoIS,Upcoming fixture tip: Any team to win.,Any team to win,1.286,1 - 3,1,old
2026-05-30,Superettan,Landskrona BoIS vs Brage,Upcoming fixture tip: Landskrona BoIS wins or draw.,Landskrona BoIS wins or draw,1.326,2 - 2,1,old
2026-05-29,Super League,Liaoning Tieren vs Shanghai Port,Upcoming fixture tip: Any team to win.,Any team to win,1.256,3 - 2,1,old
2026-05-29,Relegation Group,Al Mokawloon Al Arab vs Modern Sport FC,Upcoming fixture tip: Al Mokawloon Al Arab wins or draw.,Al Mokawloon Al Arab wins or draw,1.304,3 - 1,1,old
2026-05-29,Ykkosliiga,KTP Kotka vs SJK Akatemia,Upcoming fixture tip: KTP Kotka wins.,KTP Kotka wins,1.34,1 - 0,1,old
2026-05-29,Ykkonen,KPV Kokkola vs Inter Turku 2,Upcoming fixture tip: Inter Turku 2 wins.,Inter Turku 2 wins,1.26,4 - 2,0,old
2026-05-29,Ykkosliiga,KaPa Helsinki vs JaPS Jarvenpaa,Upcoming fixture tip: Any team to win.,Any team to win,1.253,2 - 1,1,old
2026-05-28,Premier League,Okzhetpes Kokshetau vs Aktobe,Upcoming fixture tip: Okzhetpes Kokshetau wins or draw.,Okzhetpes Kokshetau wins or draw,1.378,2 - 2,1,old
2026-05-28,Premier League,Kyzylzhar Petropavl vs Zhetysu Taldykorgan,Upcoming fixture tip: Any team to win.,Any team to win,1.282,3 - 2,1,old
2026-05-28,Relegation Group,Petrojet Suez vs El Gouna,Upcoming fixture tip: Petrojet Suez wins or draw.,Petrojet Suez wins or draw,1.286,1 - 2,0,old
2026-05-27,Premier League,Irtysh Pavlodar vs Ulytau Jezkazgan,Upcoming fixture tip: Irtysh Pavlodar wins or draw.,Irtysh Pavlodar wins or draw,1.38,1 - 1,1,old
2026-05-27,Premier League,Pyunik vs Van,Upcoming fixture tip: Pyunik wins.,Pyunik wins,1.244,2 - 1,1,old
2026-05-26,First League,FC Chernihiv vs Metalist Kharkov,Upcoming fixture tip: FC Chernihiv wins or draw.,FC Chernihiv wins or draw,1.322,1 - 2,0,old
2026-05-26,Premier League,Alashkert vs Shirak,Upcoming fixture tip: Alashkert wins.,Alashkert wins,1.242,2 - 0,1,old
2026-05-26,Premier League,Ararat vs BKMA,Upcoming fixture tip: Any team to win.,Any team to win,1.273,1 - 1,0,old
2026-05-26,Superettan,Orebro vs Helsingborgs,Upcoming fixture tip: Any team to win.,Any team to win,1.286,1 - 2,1,old
2026-05-25,2. Division,Eidsvold TF vs Rana FK,Upcoming fixture tip: Eidsvold TF wins.,Eidsvold TF wins,1.324,4 - 1,1,old
2026-05-25,Promotion Group,Hvidovre vs Esbjerg,Upcoming fixture tip: Any team to win.,Any team to win,1.272,1 - 4,1,old
2026-05-25,2. Division,Lorenskog vs Levanger FK,Upcoming fixture tip: Any team to win.,Any team to win,1.22,1 - 0,1,old
2026-05-25,1. Division,Stabaek vs Kongsvinger,Upcoming fixture tip: Any team to win.,Any team to win,1.21,2 - 0,1,old
2026-05-25,1. Division,Lyn Oslo vs Strommen,Upcoming fixture tip: Lyn Oslo wins or draw.,Lyn Oslo wins or draw,1.216,1 - 0,1,old
2026-05-24,J2 League,Vanraure Hachinohe vs Tochigi SC,Upcoming fixture tip: Any team to win.,Any team to win,1.316,0 - 0,0,old
2026-05-24,J2 League,Blaublitz Akita vs Tochigi City,Upcoming fixture tip: Blaublitz Akita wins or draw.,Blaublitz Akita wins or draw,1.24,1 - 0,1,old
2026-05-24,J2 League,Zweigen Kanazawa vs Kochi United,Upcoming fixture tip: Zweigen Kanazawa wins or draw.,Zweigen Kanazawa wins or draw,1.292,2 - 0,1,old
2026-05-24,J1 League,Tokyo Verdy vs Yokohama F. Marinos,Upcoming fixture tip: Any team to win.,Any team to win,1.34,0 - 6,1,old
2026-05-24,Premier League,Tatung FC vs Taipower,Upcoming fixture tip: Tatung FC wins or draw.,Tatung FC wins or draw,1.328,1 - 1,1,old
2026-05-23,J2 League,Vegalta Sendai vs Yokohama FC,Upcoming fixture tip: Any team to win.,Any team to win,1.272,0 - 3,1,old
2026-05-23,J2 League,Albirex Niigata vs Ehime FC,Upcoming fixture tip: Any team to win.,Any team to win,1.324,2 - 1,1,old
2026-05-23,J2 League,Renofa Yamaguchi vs Roasso Kumamoto,Upcoming fixture tip: Any team to win.,Any team to win,1.304,1 - 1,0,old
2026-05-23,J2 League,Consadole Sapporo vs Jubilo Iwata,Upcoming fixture tip: Consadole Sapporo wins or draw.,Consadole Sapporo wins or draw,1.256,0 - 1,0,old
2026-05-23,J2 League,Gifu vs Omiya Ardija,Upcoming fixture tip: Any team to win.,Any team to win,1.252,0 - 2,1,old
2026-05-22,Super League,Arema Malang vs PSIM Yogyakarta,Upcoming fixture tip: Any team to win.,Any team to win,1.245,3 - 1,1,old
2026-05-22,J1 League,Machida Zelvia vs Urawa Red Diamonds,Upcoming fixture tip: Any team to win.,Any team to win,1.314,1 - 0,1,old
2026-05-22,V.League 1,Viettel vs PVF-CAND,Upcoming fixture tip: Viettel wins.,Viettel wins,1.335,1 - 1,0,old
2026-05-22,Relegation Group,El Gouna vs Tala'ea El-Gaish,Upcoming fixture tip: El Gouna wins or draw.,El Gouna wins or draw,1.366,2 - 1,1,old
2026-05-21,Premier League,Shakhtar Donetsk vs Kolos Kovalivka,Upcoming fixture tip: Shakhtar Donetsk wins.,Shakhtar Donetsk wins,1.296,0 - 1,0,old
2026-05-21,Super League,Jamshedpur FC vs Odisha FC,Upcoming fixture tip: Jamshedpur FC wins.,Jamshedpur FC wins,1.346,0 - 0,0,old
2026-05-21,Super League,Punjab FC vs Mumbai City,Upcoming fixture tip: Any team to win.,Any team to win,1.274,0 - 2,1,old
2026-05-21,Premier League,Gabala SC vs Shamakhi FK,Upcoming fixture tip: Gabala SC wins or draw.,Gabala SC wins or draw,1.298,3 - 1,1,old
2026-05-21,Relegation Group,Panetolikos vs Asteras Tripolis,Upcoming fixture tip: Panetolikos wins or draw.,Panetolikos wins or draw,1.378,1 - 2,0,old
2026-05-20,Virsliga,FK Grobina vs Super Nova Riga,Upcoming fixture tip: FK Grobina wins or draw.,FK Grobina wins or draw,1.304,0 - 2,0,old
2026-05-20,Veikkausliiga,KuPS Kuopio vs FF Jaro,Upcoming fixture tip: KuPS Kuopio wins.,KuPS Kuopio wins,1.368,3 - 0,1,old
2026-05-20,Meistriliiga,Nomme Kalju vs Harju JK Laagri,Upcoming fixture tip: Nomme Kalju wins.,Nomme Kalju wins,1.24,1 - 0,1,old
2026-05-20,Eliteserien,Start Kristiansand vs Bodo Glimt,Upcoming fixture tip: Bodo Glimt wins.,Bodo Glimt wins,1.206,1 - 4,1,old
2026-05-20,Championnat National,MC El Bayadh vs JS Saoura,Upcoming fixture tip: JS Saoura wins.,JS Saoura wins,1.362,0 - 0,0,old
2026-05-19,Super League,NorthEast United vs Mohammedan Kolkata,Upcoming fixture tip: NorthEast United wins.,NorthEast United wins,1.26,2 - 0,1,old
2026-05-19,Championnat National,MB Rouissat vs Paradou AC,Upcoming fixture tip: MB Rouissat wins or draw.,MB Rouissat wins or draw,1.235,2 - 1,1,old
2026-05-19,Championnat National,ES Ben Aknoun vs ES Mostaganem,Upcoming fixture tip: ES Ben Aknoun wins.,ES Ben Aknoun wins,1.32,3 - 0,1,old
2026-05-19,Relegation Group LL,Maccabi Jaffa vs Hapoel Afula,Upcoming fixture tip: Maccabi Jaffa wins or draw.,Maccabi Jaffa wins or draw,1.31,4 - 1,1,old
2026-05-19,Superettan,Helsingborgs vs Varbergs BoIS,Upcoming fixture tip: Any team to win.,Any team to win,1.284,1 - 3,1,old
2026-05-18,Premier League,FC Kudrivka vs LNZ Cherkasy,Upcoming fixture tip: LNZ Cherkasy wins.,LNZ Cherkasy wins,1.474,1 - 0,0,old
2026-05-18,Premier League,Zarya Lugansk vs Polissya Zhytomyr,Upcoming fixture tip: Polissya Zhytomyr wins.,Polissya Zhytomyr wins,1.513,0 - 0,0,old
2026-05-18,Premier League,Tanjong Pagar vs Hougang United FC,Upcoming fixture tip: Hougang United FC wins.,Hougang United FC wins,1.374,2 - 1,0,old
2026-05-18,Premier League,Shirak vs Urartu,Upcoming fixture tip: Urartu wins.,Urartu wins,1.494,0 - 0,0,old
2026-05-18,Relegation Group,Lokomotiv Sofia vs Slavia Sofia,Upcoming fixture tip: Lokomotiv Sofia wins.,Lokomotiv Sofia wins,1.566,2 - 0,1,old
2026-05-17,J1 League,V-Varen Nagasaki vs Vissel Kobe,Upcoming fixture tip: Vissel Kobe wins.,Vissel Kobe wins,1.738,2 - 2,0,old
2026-05-17,J1 League,JEF United Chiba vs Kashima Antlers,Upcoming fixture tip: Kashima Antlers wins.,Kashima Antlers wins,1.68,0 - 2,1,old
2026-05-17,J2 League,Kochi United vs Ehime FC,Upcoming fixture tip: Kochi United wins or draw.,Kochi United wins or draw,1.472,0 - 1,0,old
2026-05-17,J2 League,Yokohama FC vs Tochigi SC,Upcoming fixture tip: Yokohama FC wins.,Yokohama FC wins,1.726,1 - 0,1,old
2026-05-17,J2 League,Omiya Ardija vs Nagano Parceiro,Upcoming fixture tip: Omiya Ardija wins.,Omiya Ardija wins,1.342,1 - 2,0,old
2026-05-16,J2 League,Albirex Niigata vs Nara Club,Upcoming fixture tip: Albirex Niigata wins.,Albirex Niigata wins,1.72,2 - 1,1,old
2026-05-16,J2 League,Fukushima United vs Consadole Sapporo,Upcoming fixture tip: Consadole Sapporo wins.,Consadole Sapporo wins,1.836,0 - 3,1,old
2026-05-16,J2 League,SC Sagamihara vs Vanraure Hachinohe,Upcoming fixture tip: SC Sagamihara wins or draw.,SC Sagamihara wins or draw,1.402,1 - 1,1,old
2026-05-16,First League,SKA-Khabarovsk vs Neftekhimik Nizhnekamsk,Upcoming fixture tip: Any team to win.,Any team to win,1.33,2 - 0,1,old
2026-05-16,J1 League,Urawa Red Diamonds vs FC Tokyo,Upcoming fixture tip: Any team to win.,Any team to win,1.308,0 - 0,0,old
2026-05-15,TM Super League,Penang FC vs Brunei DPMM FC,Upcoming fixture tip: Penang FC wins.,Penang FC wins,1.63,2 - 1,1,old
2026-05-15,Super League,Henan FC vs Shenzhen Peng City,Upcoming fixture tip: Henan FC wins.,Henan FC wins,1.614,1 - 0,1,old
2026-05-15,Super League,Tianjin Jinmen Tiger vs Chengdu Rongcheng,Upcoming fixture tip: Chengdu Rongcheng wins.,Chengdu Rongcheng wins,1.61,1 - 2,1,old
2026-05-15,Super League,Beijing Guoan vs Qingdao Hainiu,Upcoming fixture tip: Beijing Guoan wins.,Beijing Guoan wins,1.358,4 - 2,1,old
2026-05-15,Primera Division,Olimpia Asuncion vs Recoleta,Upcoming fixture tip: Olimpia Asuncion wins.,Olimpia Asuncion wins,1.42,3 - 2,1,old
2026-05-14,2. Division,Honefoss vs Stjordals Blink,Upcoming fixture tip: Honefoss wins.,Honefoss wins,1.387,3 - 2,1,old
2026-05-14,2. Division,Vidar vs Sotra SK,Upcoming fixture tip: Sotra SK wins.,Sotra SK wins,1.466,1 - 3,1,old
2026-05-14,Division 1,Karlstad Fotboll vs IFK Stocksund,Upcoming fixture tip: Karlstad Fotboll wins.,Karlstad Fotboll wins,1.318,1 - 0,1,old
2026-05-14,Division 1,Angelholms vs Atvidabergs,Upcoming fixture tip: Angelholms wins or draw.,Angelholms wins or draw,1.406,2 - 2,1,old
2026-05-14,Relegation Group,Botev Vratsa vs Montana,Upcoming fixture tip: Botev Vratsa wins.,Botev Vratsa wins,1.69,1 - 0,1,old
2026-05-14,Division 1,Tvaakers IF vs Olympic Malmo,Upcoming fixture tip: Any team to win.,Any team to win,1.248,1 - 0,1,old
2026-05-14,2. Division,Tromsdalen vs Grorud,Upcoming fixture tip: Any team to win.,Any team to win,1.206,0 - 2,1,old
2026-05-14,2. Division,Traeff vs Lysekloster IL,Upcoming fixture tip: Any team to win.,Any team to win,1.205,4 - 0,1,old
2026-05-14,2. Division,Honefoss vs Stjordals Blink,Upcoming fixture tip: Honefoss wins.,Honefoss wins,1.387,3 - 2,1,old
2026-05-14,Division 1,Assyriska Foreningen vs Umea FC,Upcoming fixture tip: Any team to win.,Any team to win,1.217,1 - 5,1,old
2026-05-13,K League 1,Ulsan HD vs Jeju SK,Upcoming fixture tip: Any team to win.,Any team to win,1.272,2 - 1,1,old
2026-05-13,K League 1,FC Anyang vs Gimcheon Sangmu,Upcoming fixture tip: FC Anyang wins or draw.,FC Anyang wins or draw,1.36,2 - 2,1,old
2026-05-13,Premier League,LNZ Cherkasy vs SC Poltava,Upcoming fixture tip: LNZ Cherkasy wins.,LNZ Cherkasy wins,1.124,2 - 0,1,old
2026-05-13,Premier League,Dinamo Kiev vs Kolos Kovalivka,Upcoming fixture tip: Dinamo Kiev wins.,Dinamo Kiev wins,1.347,2 - 1,1,old
2026-05-13,Relegation Group,ZED FC vs Ghazl El Mahalla,Upcoming fixture tip: ZED FC wins or draw.,ZED FC wins or draw,1.33,3 - 2,1,old
2026-05-12,K League 1,Gwangju FC vs FC Seoul,Upcoming fixture tip: FC Seoul wins.,FC Seoul wins,1.38,0 - 1,1,old
