2026-08-31,First PFL,Dunav Ruse vs Lokomotiv Sofia,Lokomotiv Sofia are strong favorites here. Expect a professional performance and a comfortable away win for the visitors.,Lokomotiv Sofia wins,2.066,-,-,now
2026-08-31,Primera Division RFEF Group 1,UD Logrones vs Extremadura,Logrones are strong favorites here. Expect a home win as they dominate the run of play. Logrones look superior. Expect the hosts to take all three points in a comfortable home victory.,UD Logrones wins,2.392,-,-,now
2026-08-30,Premier League,Chernomorets Odesa vs Kryvbas Krivoj Rog,Kryvbas are superior in every department. Expect the visitors to dominate and secure a comfortable away victory.,Kryvbas Krivoj Rog wins,2.245,1 - 0,0,old
2026-08-30,1st Division,Hvidovre vs Fredericia,Hvidovre struggle for form. Fredericia look stronger and should secure all three points away. Fredericia to win.,Fredericia wins,2.088,2 - 1,0,old
2026-08-30,2. Bundesliga,Darmstadt vs Hannover,Hannover look strong and should secure all three points against a struggling Darmstadt side. Back the away win.,Hannover wins,2.092,0 - 1,1,old
2026-08-30,Premier League,Caspiy Aktau vs Tobol Kostanay,Tobol Kostanay carry the stronger form here and should secure a professional away victory over Caspiy Aktau.,Tobol Kostanay wins,2.045,1 - 0,0,old
2026-08-30,2. Division,Junkeren vs Stjordals Blink,Stjordals Blink are strong favorites here. Expect an away win as they outclass Junkeren in this clash.,Stjordals Blink wins,2.05,2 - 2,0,old
2026-08-29,J1 League,Shimizu S-Pulse vs Kashiwa Reysol,Shimizu struggle for form. Kashiwa Reysol look stronger and should secure all three points away from home.,Kashiwa Reysol wins,2.046,0 - 1,1,old
2026-08-29,K League 2,Seongnam FC vs Seoul E-Land,Seoul E-Land look strong here. Expect an away win as they dominate a struggling Seongnam FC side. Seoul E-Land are in great form. I am backing them to take all three points away today.,Seoul E-Land wins,2.146,1 - 1,0,old
2026-08-29,K League 2,Gimpo FC vs Suwon Samsung Bluewings,Suwon Samsung Bluewings carry more quality here and should secure a victory away at Gimpo FC. Suwon Samsung Bluewings are the stronger side and expected to take all three points against Gimpo FC.,Suwon Samsung Bluewings wins,2.108,1 - 4,1,old
2026-08-29,Division 1,Angelholms vs Jonkopings Sodra,Angelholms struggle for form. Jonkopings Sodra are stronger and should secure an away win here. Easy value.,Jonkopings Sodra wins,2.028,0 - 1,1,old
2026-08-29,3. Liga,Sonnenhof Grossaspach vs Ingolstadt,Ingolstadt are strong favorites here. Expect the visitors to dominate and secure a comfortable away win today.,Ingolstadt wins,2.188,0 - 2,1,old
2026-08-28,Super League,Dalian Yingbo vs Beijing Guoan,Beijing Guoan are far superior here and should comfortably secure all three points on the road. Guoan possess the quality to dominate this clash and claim a straightforward away victory.,Beijing Guoan wins,2.098,1 - 1,0,old
2026-08-28,Super League,Shenzhen Peng City vs Shanghai Port,Shanghai Port are heavy favorites here. Expect the visitors to dominate and secure a comfortable away victory.,Shanghai Port wins,2.068,0 - 1,1,old
2026-08-28,Professional League,Al-Fayha vs Abha Club,Al-Fayha are strong favorites at home. Expect a professional performance to secure all three points here. Al-Fayha should dominate this clash. Back the hosts to take control and claim a comfortable victory.,Al-Fayha wins,2.168,3 - 2,1,old
2026-08-28,Pro-League,Al-Wasl Dubai vs Shabab Al-Ahli Dubai,Shabab Al-Ahli hold the edge here. Expect a professional performance to secure an away win in Dubai.,Shabab Al-Ahli Dubai wins,2.068,0 - 1,1,old
2026-08-28,Premier League,Al Ittihad Alexandria vs Ceramica Cleopatra,Ceramica Cleopatra look stronger here. Expect an away win as they continue their climb up the table.,Ceramica Cleopatra wins,2.338,1 - 3,1,old
2026-08-27,Premier League,Al Mokawloon Al Arab vs Al Masry Port Said,Al Masry Port Said are strong favorites here. Expect an away win against a struggling Al Mokawloon side.,Al Masry Port Said wins,2.25,2 - 3,1,old
2026-08-26,K League 1,FC Anyang vs Incheon United,Incheon United hold the edge here. Expect the visitors to control the game and secure an away win.,Incheon United wins,2.268,2 - 1,0,old
2026-08-26,Premier League,National Bank SC vs Zamalek SC,Zamalek are strong favorites here. Expect the visitors to dominate and secure all three points on the road.,Zamalek SC wins,2.276,0 - 3,1,old
2026-08-26,Premier League,Petrojet Suez vs Tala'ea El-Gaish,Petrojet struggle for form here. Expect the superior quality of Tala'ea El-Gaish to secure an away win.,Tala'ea El-Gaish wins,2.364,2 - 3,0,old
2026-08-25,K League 1,Gimcheon Sangmu vs Jeonbuk Hyundai Motors,Jeonbuk Hyundai Motors bring superior quality to Gimcheon Sangmu. Expect an away win for the visitors here.,Jeonbuk Hyundai Motors wins,2.092,0 - 0,0,old
2026-08-25,Super League,Surkhon Termez vs AGMK Olmaliq,Surkhon Termez face AGMK Olmaliq today. Expect the visitors to edge it and secure an away win.,AGMK Olmaliq wins,2.082,0 - 0,0,old
2026-08-24,Premier League,Isloch Minsk Raion vs Dinamo Minsk,Upcoming fixture tip: Dinamo Minsk wins.,Dinamo Minsk wins,2.203,1 - 0,0,old
2026-08-24,First PFL,Botev Vratsa vs Botev Plovdiv,Upcoming fixture tip: Botev Plovdiv wins.,Botev Plovdiv wins,2.028,1 - 0,0,old
2026-08-24,Liga Leumit,Maccabi Kiryat Gat vs Hapoel Rishon LeZion,Upcoming fixture tip: Hapoel Rishon LeZion wins.,Hapoel Rishon LeZion wins,2.227,1 - 2,1,old
2026-08-23,1st Division,HB Koge vs Kolding,Kolding are favorites to take all three points here. Expect an away win for the visitors.,Kolding wins,2.218,2 - 2,0,old
2026-08-23,Primera Division,Danubio Montevideo vs Racing Club Montevideo,Racing Club Montevideo are in superior form and should secure all three points against struggling Danubio Montevideo. Racing Club Montevideo look strong here. Expect an away win given their current momentum and tactical edge.,Racing Club Montevideo wins,2.207,0 - 0,0,old
2026-08-23,Premier League,Dynamo Makhachkala vs FK Krasnodar,Krasnodar hold the upper hand here. Expect the visitors to control the game and take all three points.,FK Krasnodar wins,2.03,0 - 1,1,old
2026-08-23,Eerste Divisie,VVV-Venlo vs De Graafschap,De Graafschap are in strong form and should have enough quality to secure a win away from home.,De Graafschap wins,2.068,2 - 1,0,old
2026-08-22,J1 League,Yokohama F. Marinos vs Vissel Kobe,Yokohama F. Marinos vs Vissel Kobe. Kobe look strong here. Expect an away win for the visitors.,Vissel Kobe wins,2.086,1 - 0,0,old
2026-08-22,National League,Eastleigh vs Scunthorpe,Eastleigh vs Scunthorpe. The visitors look stronger and should secure all three points. Back Scunthorpe to win. Eastleigh vs Scunthorpe. Scunthorpe are in great form and should edge this contest. Expect an away victory.,Scunthorpe wins,2.01,3 - 2,0,old
2026-08-22,Ykkonen,SalPa Salo vs OLS Oulu,SalPa Salo are strong favorites here. Expect a home win as they dominate the visitors in Salo.,SalPa Salo wins,2.094,4 - 1,1,old
2026-08-22,Cup Germany,Saarbrucken vs Hertha Berlin,Hertha Berlin possess the superior squad and should secure a professional away victory against Saarbrucken this weekend.,Hertha Berlin wins,2.07,1 - 1,0,old
2026-08-22,Primera Division,Central Espanol vs Juventud de Las Piedras,Juventud de Las Piedras hold the edge here. Expect an away win for the superior visitors today.,Juventud de Las Piedras wins,2.21,0 - 1,1,old
2026-08-21,Second PFL,Lokomotiv Gorna Oryahovitsa vs Etar Veliko Tarnovo,Etar Veliko Tarnovo are strong favorites here. Expect them to dominate and secure a comfortable away victory.,Etar Veliko Tarnovo wins,2.0,2 - 1,0,old
2026-08-21,National League,Usti nad Labem vs Dukla Prague,Usti nad Labem are strong favorites here. Expect a home victory against a struggling Dukla Prague side.,Usti nad Labem wins,2.622,3 - 1,1,old
2026-08-21,Cup Germany,Preussen Munster vs Karlsruher,Karlsruher are strong favorites here. Expect the visitors to control the game and secure an away win. Karlsruher boast superior quality. They should dominate Preussen Munster to take all three points on the road.,Karlsruher wins,2.054,1 - 2,1,old
2026-08-21,Second League,Wacker Innsbruck vs Sankt Polten,Sankt Polten are favorites to win away. Expect the visitors to secure all three points this weekend.,Sankt Polten wins,2.025,1 - 0,0,old
2026-08-21,Pro-League,Al-Nasr Dubai vs Al-Wahda Abu Dhabi,Al-Wahda are superior in quality and should secure all three points away from home. Al-Wahda win.,Al-Wahda Abu Dhabi wins,2.11,1 - 0,0,old
2026-08-20,Qualification,Trabzonspor vs Ferencvarosi,Trabzonspor are strong favorites at home. Expect the hosts to secure a comfortable victory against Ferencvarosi tonight.,Trabzonspor wins,1.636,0 - 1,0,old
2026-08-20,Super League,Xorazm Urganch vs Lokomotiv Tashkent,Lokomotiv Tashkent are strong favorites here. Expect the visitors to dominate and secure a comfortable away victory.,Lokomotiv Tashkent wins,1.938,1 - 3,1,old
2026-08-20,Major League Soccer,Vancouver Whitecaps vs Houston Dynamo,Vancouver hold the edge at home here. Expect a Whitecaps victory against a struggling Houston side.,Vancouver Whitecaps wins,1.534,0 - 1,0,old
2026-08-20,Ykkosliiga,KaPa Helsinki vs JIPPO Joensuu,JIPPO Joensuu are strong favorites here. Expect an away win as they outclass a struggling KaPa side.,JIPPO Joensuu wins,1.5,1 - 3,1,old
2026-08-20,Premier League,Dinamo Minsk vs Torpedo-BelAZ Zhodino,Dinamo Minsk hold the edge here. Expect the home side to secure all three points. Dinamo Win.,Dinamo Minsk wins,1.693,4 - 0,1,old
2026-08-19,Super League,Mash'al Mubarek vs PFK Andijan,Andijan look strong here. Expect the visitors to control the game and secure all three points away.,PFK Andijan wins,1.8,0 - 1,1,old
2026-08-19,Russian Cup,Rubin Kazan vs Spartak Moskva,Spartak Moskva have the quality to edge this encounter. Expect an away win for the visitors here.,Spartak Moskva wins,1.845,1 - 1,0,old
2026-08-19,Super League,Shanghai Port vs Dalian Yingbo,Shanghai Port are heavy favorites here. Expect a dominant performance and a comfortable home win for the hosts.,Shanghai Port wins,1.524,1 - 1,0,old
2026-08-19,First League,KAMAZ Chelny vs Tekstilshchik Ivanovo,KAMAZ Chelny are strong favorites here. Expect a home win as they dominate the midfield and attack.,KAMAZ Chelny wins,1.83,0 - 1,0,old
2026-08-18,Liga Leumit,Ironi Modi'in vs Maccabi Herzliya,Herzliya hold the upper hand here. Expect the visitors to edge this one and take all three points.,Maccabi Herzliya wins,2.175,0 - 2,1,old
2026-08-17,Liga MX,Club Tijuana vs Cruz Azul,Cruz Azul are in top form and should have enough quality to secure victory away at Tijuana.,Cruz Azul wins,2.16,2 - 1,0,old
2026-08-17,Veikkausliiga,Gnistan Helsinki vs Ilves Tampere,Gnistan Helsinki look strong at home. Expect the hosts to edge past Ilves Tampere for a narrow victory. Gnistan Helsinki are in great form. Back the home side to secure all three points against Ilves Tampere.,Gnistan Helsinki wins,2.382,3 - 2,1,old
2026-08-17,NB I,Zalaegerszegi vs Ferencvarosi,Zalaegerszegi are strong at home. Expect a tough battle with the hosts to avoid defeat here. Ferencvarosi may struggle away. Back Zalaegerszegi to secure at least a point in this clash.,Zalaegerszegi wins or draw,2.418,0 - 1,0,old
2026-08-16,Liga MX,Atlas Guadalajara vs Tigres UANL,Tigres UANL possess the superior squad and quality to secure a professional away victory against Atlas Guadalajara.,Tigres UANL wins,2.212,2 - 1,0,old
2026-08-16,Liga Portugal 2,Portimonense vs Vizela,Portimonense struggle for form. Vizela look stronger and should secure all three points here. Back the away win.,Vizela wins,2.08,2 - 0,0,old
2026-08-16,K League 2,Paju Frontier vs Seongnam FC,Seongnam FC are strong favorites here. Expect the visitors to dominate and secure a comfortable away win.,Seongnam FC wins,2.092,2 - 1,0,old
2026-08-16,2. Bundesliga,Dynamo Dresden vs Darmstadt,Dynamo Dresden look strong at home and should secure a victory against Darmstadt in this clash. Dresden hold the edge here and are expected to take all three points against Darmstadt today.,Dynamo Dresden wins,2.042,1 - 0,1,old
2026-08-16,Allsvenskan,Degerfors vs IFK Goteborg,Degerfors struggle for form. Expect IFK Goteborg to dominate and secure all three points away from home.,IFK Goteborg wins,2.27,3 - 0,0,old
2026-08-15,2. Bundesliga,Greuther Furth vs Nurnberg,Furth struggle for form. Expect Nurnberg to dominate this derby and secure all three points away. Nurnberg look stronger heading into this clash. Anticipate an away victory in a tight local derby.,Nurnberg wins,2.224,2 - 4,1,old
2026-08-15,League One,Reading vs Luton,Reading struggle for form against a sharp Luton side. Expect an away win for the visitors here.,Luton wins,2.148,3 - 4,1,old
2026-08-15,League Two,Newport County vs Rochdale,Newport struggle for form and Rochdale should dominate here. Expect an away win for the visitors tonight.,Rochdale wins,2.244,3 - 0,0,old
2026-08-15,Super League,Tianjin Jinmen Tiger vs Beijing Guoan,Beijing Guoan hold the upper hand here. Expect the visitors to secure all three points on the road.,Beijing Guoan wins,2.108,2 - 4,1,old
2026-08-15,Super League,Zhejiang Professional vs Chengdu Rongcheng,Chengdu Rongcheng look strong here and should secure all three points against Zhejiang Professional. Away win expected.,Chengdu Rongcheng wins,2.154,2 - 3,1,old
2026-08-14,Premier League,FC Orenburg vs Lokomotiv Moskva,Lokomotiv Moskva look stronger here and should secure all three points on the road. Back the away win.,Lokomotiv Moskva wins,2.15,1 - 1,0,old
2026-08-14,1st Division,Kolding vs Vejle,Vejle should have too much quality here. Expect the visitors to dominate and take all three points. Vejle enter as strong favorites. Their superior form suggests a comfortable away win against a struggling Kolding side.,Vejle wins,2.024,2 - 3,1,old
2026-08-13,Super League,Surkhon Termez vs Sogdiana Jizzakh,Sogdiana Jizzakh are strong favorites here. Expect the visitors to secure all three points on the road.,Sogdiana Jizzakh wins,2.215,1 - 3,1,old
2026-08-11,Ykkonen,JJK Jyvaskyla vs Tampere United,Tampere United look strong here. Expect the visitors to control the game and secure an away victory. Tampere United are clear favorites. They possess superior quality and should comfortably claim all three points today.,Tampere United wins,1.962,0 - 0,0,old
2026-08-11,Second PFL,CSKA Sofia II vs Hebar Pazardzhik,CSKA Sofia II hold the edge here. Expect the home side to secure a victory against Hebar Pazardzhik.,CSKA Sofia II wins,1.72,4 - 3,1,old
2026-08-10,Premier League,Fakel Voronezh vs Akhmat Grozny,Akhmat Grozny look strong here. Expect the visitors to edge this tight contest and take all three points.,Akhmat Grozny wins,2.315,0 - 0,0,old
2026-08-10,1. Division,Moss FK vs Odds BK,Odds BK are strong favorites here. Expect the visitors to dominate and secure a comfortable away victory.,Odds BK wins,2.068,3 - 3,0,old
2026-08-09,First League,SKA-Khabarovsk vs Spartak Kostroma,Spartak Kostroma look strong here. Expect them to secure all three points on the road. Back the away win.,Spartak Kostroma wins,2.015,1 - 3,1,old
2026-08-09,J1 League,Tokyo Verdy vs Kawasaki Frontale,Kawasaki Frontale hold the edge here. Expect the visitors to dominate and secure all three points away.,Kawasaki Frontale wins,2.296,1 - 1,0,old
2026-08-09,Liga Portugal 2,Farense vs Torreense,Torreense look strong and should secure all three points away against an inconsistent Farense side today.,Torreense wins,2.135,2 - 1,0,old
2026-08-09,Eerste Divisie,Helmond Sport vs De Graafschap,De Graafschap look stronger here and should secure all three points on the road. Away win expected.,De Graafschap wins,2.114,1 - 1,0,old
2026-08-09,2. Bundesliga,Energie Cottbus vs Hannover,Hannover hold the edge here. Expect the visitors to control the game and secure an away victory.,Hannover wins,2.094,3 - 1,0,old
2026-08-08,Division 1,Eskilsminne IF vs Rosengard 1917,Rosengard 1917 hold the upper hand here. Expect a comfortable away win against Eskilsminne IF. Rosengard 1917 are strong favorites. Back the visitors to secure all three points in this clash.,Rosengard 1917 wins,2.09,0 - 0,0,old
2026-08-08,EFL Cup,Queens Park Rangers vs Millwall,Millwall look strong away from home. Expect the visitors to edge this tight clash and take all three. Millwall are in fine form. They should outclass QPR here to secure a professional away day victory.,Millwall wins,2.27,1 - 1,0,old
2026-08-08,First League,Shinnik Yaroslavl vs Arsenal Tula,Shinnik Yaroslavl are strong favorites at home and should secure a victory against Arsenal Tula this weekend.,Shinnik Yaroslavl wins,2.47,2 - 2,0,old
2026-08-07,K League 2,Hwaseong FC vs Seoul E-Land,Seoul E-Land hold the edge here. Expect the visitors to dominate and secure a comfortable away victory.,Seoul E-Land wins,2.146,0 - 0,0,old
2026-08-07,Premier League,Naftan Novopolotsk vs Arsenal Dzerzhinsk,Arsenal Dzerzhinsk are superior in every department and should comfortably secure all three points away from home.,Arsenal Dzerzhinsk wins,2.21,3 - 0,0,old
2026-08-07,Superliga,Sonderjyske vs Viborg,Viborg are in superior form and should secure all three points on the road. Back the away win.,Viborg wins,2.12,0 - 0,0,old
2026-08-06,Qualification,Lincoln Red Imps vs Omonia Nicosia,Omonia Nicosia carry superior quality here. Expect the visitors to dominate and secure a professional away win.,Omonia Nicosia wins,1.534,1 - 1,0,old
2026-08-05,Ykkonen,OLS Oulu vs TPV Tampere,OLS Oulu are strong favorites here. Expect a comfortable home win against a struggling TPV Tampere side.,OLS Oulu wins,1.5,4 - 2,1,old
2026-08-05,Ykkonen,VJS Vantaa vs Keski-Uusimaa,VJS Vantaa are strong favorites here. Expect the home side to control the game and secure a win.,VJS Vantaa wins,1.6,0 - 0,0,old
2026-08-05,Russian Cup,Fakel Voronezh vs Dinamo Moskva,Dinamo Moskva should dominate this clash. Expect the visitors to take all three points in Voronezh.,Dinamo Moskva wins,1.98,0 - 1,1,old
2026-08-05,Premier League,FH Hafnarfjordur vs KR Reykjavik,FH Hafnarfjordur hosts KR Reykjavik. Expect the visitors to dominate and secure a professional away victory tonight.,KR Reykjavik wins,1.686,1 - 1,0,old
2026-08-05,Copa Chile,Santiago Wanderers vs Union La Calera,La Calera hold the advantage here. Expect the visitors to edge it and take all three points.,Union La Calera wins,1.925,0 - 4,1,old
2026-08-04,Russian Cup,Akron Tolyatti vs FK Rostov,Akron Tolyatti look strong at home. Expect a tough game with Akron to win or secure a draw.,Akron Tolyatti wins or draw,1.545,0 - 4,0,old
2026-08-03,NB I,Zalaegerszegi vs Paksi,Paksi are in strong form and should outclass Zalaegerszegi. Expect an away win for the visitors here. Paksi look superior in quality and should secure all three points on the road against Zalaegerszegi today.,Paksi wins,2.012,5 - 2,0,old
2026-08-03,First Division,Wexford vs Bray Wanderers,Wexford struggle for form against a clinical Bray side. Expect the visitors to edge this encounter. Bray win.,Bray Wanderers wins,2.17,2 - 1,1,old
2026-08-02,Allsvenskan,Brommapojkarna vs Malmo,Malmo are far superior in quality and should comfortably dominate Brommapojkarna to secure all three points here. Malmo are heavy favorites and expected to control this game and take a comfortable win on the road.,Malmo wins,2.122,1 - 2,1,old
2026-08-02,Swiss Super League,Vaduz vs St. Gallen,St. Gallen bring superior quality to this clash and should comfortably secure a victory away at Vaduz.,St. Gallen wins,2.016,2 - 3,1,old
2026-08-02,2. Division,Vidar vs Eik Tonsberg,Vidar vs Eik Tonsberg: Eik Tonsberg hold the edge here. Expect a professional away performance and a win.,Eik Tonsberg wins,2.05,4 - 3,0,old
2026-08-02,Premier League,Zhenis Astana vs Yelimay Semey,Yelimay Semey are strong favorites here. Expect the visitors to dominate and secure all three points away.,Yelimay Semey wins,2.222,0 - 0,1,old
2026-08-02,Premier League,AB Argir vs Skala IF,AB Argir are strong favorites here. Expect the hosts to dominate and secure a comfortable home win.,AB Argir wins,2.195,3 - 2,1,old
2026-08-01,Premier League,Kryvbas Krivoj Rog vs Karpaty Lviv,Karpaty Lviv look strong here and should secure all three points on the road. Karpaty Lviv win.,Karpaty Lviv wins,2.155,1 - 4,1,old
2026-08-01,Division 1,Pitea IF vs Gefle,Gefle should dominate here. Their superior quality makes them strong favorites to secure a comfortable away victory.,Gefle wins,2.078,0 - 2,1,old
2026-08-01,First League,Pogon Siedlce vs Termalica Nieciecza,Termalica Nieciecza are strong favorites here. Expect them to dominate and take all three points on the road.,Termalica Nieciecza wins,2.155,1 - 2,1,old
2026-08-01,Premier League,Kyzylzhar Petropavl vs Aktobe,Aktobe are superior in every department and should comfortably secure all three points away from home today. Aktobe enter as strong favorites here and their quality should be enough to overcome Kyzylzhar on the road.,Aktobe wins,2.144,3 - 1,0,old
2026-08-01,League Two,Annan Athletic vs The Spartans,The Spartans carry strong form into this clash and should secure a professional away win at Annan Athletic.,The Spartans wins,2.096,2 - 4,1,old
2026-07-31,1st Division,AB Gladsaxe vs Fredericia,Fredericia are strong favorites here. Expect the visitors to dominate and secure a professional away win.,Fredericia wins,2.142,1 - 1,0,old
2026-07-28,Superettan,Landskrona BoIS vs Norrkoping,Norrkoping carry the stronger squad and should secure a victory away against Landskrona BoIS this weekend. Norrkoping are favorites here. Expect the visitors to dominate possession and take all three points on the road.,Norrkoping wins,2.02,0 - 1,1,old
2026-07-27,Eliteserien,Rosenborg vs Fredrikstad,Rosenborg are strong favorites here. Expect the hosts to dominate and secure a comfortable home win. Rosenborg look superior in this matchup. I expect a professional performance to ensure a home victory.,Rosenborg wins,1.7,4 - 0,1,old
2026-07-27,Serie C,Amazonas AM vs Paysandu PA,Amazonas AM are strong at home. Expect them to avoid defeat against a struggling Paysandu side today. Amazonas AM hold the advantage here. Back them to secure a result with a home win or draw.,Amazonas AM wins or draw,1.518,2 - 1,1,old
2026-07-27,Liga 1,Deportivo Garcilaso vs FC Cajamarca,Garcilaso hold the home advantage here and should prove too strong for Cajamarca. Back the home win.,Deportivo Garcilaso wins,1.656,2 - 1,1,old
2026-07-27,Superliga,Randers FC vs Silkeborg,Randers FC hold the advantage here. Expect a home win as they outclass Silkeborg in this clash.,Randers FC wins,1.724,1 - 1,0,old
2026-07-27,First League,Miedz Legnica vs Podbeskidzie,Miedz Legnica are strong favorites here. Expect a home win as they dominate the struggling visitors. Miedz Legnica look superior in all departments. Anticipate a comfortable victory for the home side tonight.,Miedz Legnica wins,1.99,1 - 1,0,old
2026-07-26,2. Liga,Slovan Bratislava B vs Zlate Moravce,Slovan Bratislava B are strong favorites here. Expect the home side to edge this contest for the win.,Slovan Bratislava B wins,2.725,0 - 1,0,old
2026-07-26,2. Division,Kvik Halden vs Traeff,Kvik Halden are strong favorites here. Expect a professional home performance to secure all three points. Kvik Halden should dominate this clash. Expect the hosts to control the game and take the win.,Kvik Halden wins,2.056,0 - 1,0,old
2026-07-26,1. Division,Sogndal vs Ranheim,Sogndal are strong favorites at home and should secure a comfortable victory over a struggling Ranheim side.,Sogndal wins,2.076,3 - 2,1,old
2026-07-26,Eliteserien,KFUM Oslo vs Molde,Molde possess superior quality and should dominate this contest to secure a comfortable away win against KFUM Oslo.,Molde wins,2.154,2 - 4,1,old
2026-07-26,Virsliga,FS Jelgava vs FK Liepaja,Liepaja should edge this contest. Expect the visitors to dominate and secure all three points on the road.,FK Liepaja wins,2.092,0 - 2,1,old
2026-07-25,K League 1,Pohang Steelers vs Jeonbuk Hyundai Motors,Jeonbuk Hyundai Motors are in top form and should secure a professional away win against Pohang Steelers.,Jeonbuk Hyundai Motors wins,2.3,0 - 2,1,old
2026-07-25,K League 2,Busan I'Park vs Suwon Samsung Bluewings,Suwon Samsung Bluewings look strong here. Expect the visitors to edge this contest and take all three points. Suwon Samsung Bluewings carry the momentum. They should dominate the play and secure a professional away win today.,Suwon Samsung Bluewings wins,2.098,1 - 4,1,old
2026-07-25,Cup of Belarus,Belshina vs FC Minsk,FC Minsk hold the edge here. Expect the visitors to dominate and secure all three points away. Minsk are superior in quality. Anticipate a professional performance to ensure a comfortable away win today.,FC Minsk wins,2.0,1 - 2,1,old
2026-07-25,2. Division,Notodden vs Sotra SK,Sotra SK are in superior form and should secure all three points away at Notodden. Sotra SK win.,Sotra SK wins,2.12,1 - 0,0,old
2026-07-24,K League 2,Gimhae FC 2008 vs Chungbuk Cheongju,Chungbuk Cheongju are strong favorites to secure all three points away from home. Back the visitors tonight.,Chungbuk Cheongju wins,2.178,1 - 1,0,old
2026-07-24,National League,Hanacka Slavia Kromeriz vs Taborsko,Kromeriz hold the edge here. Expect the home side to secure all three points in a tight encounter.,Hanacka Slavia Kromeriz wins,2.432,0 - 0,0,old
2026-07-24,Veikkausliiga,FF Jaro vs Seinajoen JK,SJK carry superior quality to Jaro. Expect the visitors to dominate and secure a comfortable away victory.,Seinajoen JK wins,2.066,2 - 1,0,old
2026-07-23,Qualification,Sheriff Tiraspol vs Maccabi Tel Aviv,Sheriff struggle for form at home. Expect Maccabi Tel Aviv to dominate and secure a comfortable away victory.,Maccabi Tel Aviv wins,2.172,0 - 5,1,old
2026-07-22,Eliteserien,Lillestrom vs Viking Stavanger,Viking Stavanger enter as favorites here. Expect the visitors to edge this clash and take all three points.,Viking Stavanger wins,2.178,1 - 2,1,old
2026-07-21,K League 1,Jeju SK vs Gangwon FC,Gangwon FC are in top form and should secure all three points against a struggling Jeju side. Gangwon FC look strong away from home and are expected to edge this contest against Jeju SK.,Gangwon FC wins,2.118,1 - 1,0,old
2026-07-20,Veikkausliiga,TPS Turku vs Ilves Tampere,TPS Turku look strong at home and should secure a victory over Ilves Tampere. Back the hosts.,TPS Turku wins,2.528,1 - 3,0,old
2026-07-19,Premier League,Altai Oskemen vs Aktobe,Aktobe are heavy favorites here. Expect the visitors to dominate and secure a comfortable away win. Aktobe hold a clear advantage in quality. They should control the game and take all three points.,Aktobe wins,2.238,2 - 4,1,old
2026-07-19,Liga I,Universitatea Cluj vs Farul Constanta,Cluj are strong at home and should edge this. Expect a narrow victory for the hosts here.,Universitatea Cluj wins,2.002,2 - 1,1,old
2026-07-19,Liga I,Petrolul Ploiesti vs Dinamo Bucuresti,Petrolul host Dinamo tonight. Expect the visitors to edge this contest and take all three points away. Dinamo Bucuresti travel to Petrolul. The visitors look stronger and should secure a professional away win here.,Dinamo Bucuresti wins,2.016,1 - 0,0,old
2026-07-19,Serie A,Tecnico Universitario vs Aucas Quito,Aucas Quito hold the edge here. Expect the visitors to dominate and secure a professional away win.,Aucas Quito wins,2.222,0 - 1,1,old
2026-07-19,Super Liga,Petrocub-Hincesti vs Sheriff Tiraspol,Petrocub hold the edge here. Expect a disciplined performance to secure a home win against Sheriff Tiraspol.,Petrocub-Hincesti wins,2.347,2 - 3,0,old
2026-07-18,K League 1,Incheon United vs Jeonbuk Hyundai Motors,Jeonbuk carry superior quality into this clash and should secure all three points against Incheon United. Jeonbuk are strong favorites here and expected to dominate Incheon United to claim a comfortable away victory.,Jeonbuk Hyundai Motors wins,2.252,1 - 0,0,old
2026-07-18,K League 2,Gimpo FC vs Daegu FC,Daegu FC hold the edge in quality here and should secure a professional away win against Gimpo. Daegu FC are stronger on paper and expected to take all three points against a struggling Gimpo side.,Daegu FC wins,2.194,1 - 1,0,old
2026-07-18,Eliteserien,Hamarkameratene vs Tromso,Tromso should edge this one. Expect the visitors to take control and secure all three points away.,Tromso wins,2.15,1 - 4,1,old
2026-07-18,Premier League,Kyzylzhar Petropavl vs Tobol Kostanay,Tobol Kostanay hold the edge here. Expect the visitors to dominate and secure all three points away.,Tobol Kostanay wins,2.17,1 - 1,0,old
2026-07-18,Veikkausliiga,Seinajoen JK vs KuPS Kuopio,KuPS are stronger and should control this encounter. Expect a professional away win for the visitors here.,KuPS Kuopio wins,2.11,0 - 2,1,old
2026-07-16,Eliteserien,Valerenga Oslo vs Aalesunds,Valerenga Oslo are strong favorites here. Expect the home side to dominate and secure a comfortable victory.,Valerenga Oslo wins,1.7,6 - 1,1,old
2026-07-16,Super League,Bunyodkor Tashkent vs Nasaf Qarshi,"Bunyodkor are strong at home. Expect a tough battle, but the hosts should avoid defeat here. Bunyodkor hold the home advantage. I am backing the hosts to secure a win or a draw.",Bunyodkor Tashkent wins or draw,1.535,1 - 3,0,old
2026-07-16,Super League,Sogdiana Jizzakh vs Xorazm Urganch,Sogdiana Jizzakh are strong favorites here. Expect a comfortable home win against a struggling Xorazm Urganch side.,Sogdiana Jizzakh wins,1.77,2 - 0,1,old
2026-07-15,Primera Division,Real Potosi vs San Antonio Bulo Bulo,Real Potosi are strong favorites at home. Expect the hosts to secure a professional win here. Real Potosi dominate this matchup. Back the home side to take all three points in this clash.,Real Potosi wins,1.624,5 - 0,1,old
2026-07-14,First Division,HK Kopavogur vs IR Reykjavik,HK Kopavogur hold the upper hand here. Expect a home win against struggling IR Reykjavik this weekend.,HK Kopavogur wins,1.704,5 - 1,1,old
2026-07-13,First League,Arsenal Tula vs Tekstilshchik Ivanovo,Arsenal Tula are strong favorites here. Expect a comfortable home win against a struggling Tekstilshchik Ivanovo side.,Arsenal Tula wins,1.525,2 - 1,1,old
2026-07-12,First League,Shinnik Yaroslavl vs FC Sochi,Sochi hold the edge here. Expect the visitors to control the game and secure an away win. Sochi are stronger in form and quality. I am backing them to take all three points away.,FC Sochi wins,2.055,2 - 2,0,old
2026-07-11,Veikkausliiga,FC Lahti vs HJK Helsinki,HJK Helsinki hold the quality edge here and should comfortably secure all three points away at FC Lahti. HJK Helsinki are far superior to Lahti and I expect them to dominate and claim a clinical victory.,HJK Helsinki wins,2.056,2 - 0,0,old
2026-07-11,Premier League,FC Baranovichi vs Torpedo-BelAZ Zhodino,Torpedo-BelAZ Zhodino are heavy favorites here. Expect the visitors to dominate and secure a comfortable away win.,Torpedo-BelAZ Zhodino wins,2.0,1 - 0,0,old
2026-07-11,Eliteserien,Aalesunds vs Molde,Molde are strong favorites here. Expect the visitors to dominate and secure a comfortable away win. Aalesunds struggle against quality. Molde should control the game and take all three points with ease.,Molde wins,2.084,2 - 2,0,old
2026-07-10,Super League,Shandong Taishan vs Yunnan Yukun,Shandong Taishan are strong favorites here. Expect the home side to dominate and secure a comfortable victory. Expect Shandong Taishan to control this clash. Their quality should be too much for Yunnan Yukun today.,Shandong Taishan wins,1.732,4 - 3,1,old
2026-07-06,Allsvenskan,Brommapojkarna vs GAIS Goteborg,GAIS Goteborg are in superior form and should secure a professional away win against Brommapojkarna this weekend. Expect GAIS Goteborg to dominate this clash and take all three points away from home against Brommapojkarna.,GAIS Goteborg wins,2.094,1 - 1,0,old
2026-07-05,K League 2,Jeonnam Dragons vs Busan I'Park,Busan I'Park are in strong form and should edge this clash. Backing the visitors for a win here.,Busan I'Park wins,2.048,3 - 3,0,old
2026-07-05,Serie A,Macara Ambato vs LDU de Quito,LDU de Quito dominate quality and form. Expect the visitors to secure all three points away from home.,LDU de Quito wins,2.2,1 - 0,0,old
2026-07-04,Super League,Qingdao West Coast vs Shanghai Port,Shanghai Port are dominant favorites here. Expect the visitors to control possession and secure a comfortable away win.,Shanghai Port wins,2.208,2 - 1,0,old
2026-07-04,Premier League,Altai Oskemen vs Tobol Kostanay,Tobol Kostanay are strong favorites here. Expect the visitors to dominate and secure a comfortable away victory.,Tobol Kostanay wins,2.142,1 - 0,0,old
2026-07-04,Premier League,Kyzylzhar Petropavl vs Yelimay Semey,Yelimay Semey are in top form and should dominate here. Expect an away win for the visitors.,Yelimay Semey wins,2.192,0 - 1,1,old
2026-07-04,Virsliga,BFC Daugavpils vs FK Liepaja,FK Liepaja should be too strong here. Expect an away win as they secure all three points.,FK Liepaja wins,2.108,3 - 1,0,old
2026-07-04,Allsvenskan,Degerfors vs Malmo,Malmo are far superior in quality and should comfortably dominate Degerfors to secure an away victory today.,Malmo wins,2.112,0 - 1,1,old
2026-07-03,1. Division,Ranheim vs Stabaek,Stabaek hold the edge in quality here and should secure all three points on the road. Stabaek are strong favorites to dominate this encounter and take the win away from home.,Stabaek wins,2.152,2 - 5,1,old
2026-07-02,Botola,KACM Marrakech vs MAS Fez,MAS Fez look strong away from home. Expect the visitors to edge this tight contest for victory.,MAS Fez wins,1.81,0 - 0,0,old
2026-07-02,Premier League,FC Minsk vs Dinamo Minsk,Dinamo Minsk hold the upper hand here. Expect the visitors to dominate and secure all three points. Dinamo Minsk are superior in every department. They should control the game and take a comfortable win.,Dinamo Minsk wins,1.573,0 - 3,1,old
2026-07-02,Botola,Renaissance Zemamra vs FUS Rabat,Zemamra are strong at home and should secure a victory here. Back the home side to win.,Renaissance Zemamra wins,1.698,1 - 1,0,old
2026-07-02,Premier League,BATE Borisov vs FC Gomel,Gomel are in superior form and should secure an away victory against a struggling BATE Borisov side. Expect Gomel to dominate this clash and take all three points away from BATE Borisov today.,FC Gomel wins,1.843,0 - 1,1,old
2026-07-02,1. Division,Lyn Oslo vs Asane,Lyn Oslo are strong favorites here. Expect a home win as they dominate the run of play.,Lyn Oslo wins,1.724,6 - 2,1,old
2026-06-28,Botola,FUS Rabat vs RSB Berkane,Berkane are in superior form and should dominate here. Expect an away win for the visitors tonight.,RSB Berkane wins,2.22,2 - 1,0,old
2026-06-28,Premier League,FH Hafnarfjordur vs Vestmannaeyjar,FH Hafnarfjordur are strong favorites here. Expect a comfortable home win against struggling Vestmannaeyjar. Back the hosts.,FH Hafnarfjordur wins,2.074,1 - 1,0,old
2026-06-27,2. Division,IL Sandviken vs Notodden,Notodden are strong favorites here. Expect them to dominate and secure a comfortable away victory. Notodden win.,Notodden wins,2.178,0 - 4,1,old
2026-06-27,Super Liga,Milsami Orhei vs Zimbru Chisinau,Zimbru Chisinau hold the advantage here. Expect the visitors to edge this contest for a crucial away win.,Zimbru Chisinau wins,2.06,0 - 0,0,old
2026-06-26,Premier League,FC Baranovichi vs Slavia Mozyr,Slavia Mozyr hold the edge here. Expect a professional performance and a comfortable away win for the favorites.,Slavia Mozyr wins,2.14,1 - 1,0,old
2026-06-25,Ykkonen,Jazz Pori vs Tampere United,Tampere United look superior here. Expect an away win as they dominate Jazz Pori on the road.,Tampere United wins,1.542,0 - 1,1,old
2026-06-25,Virsliga,FK Grobina vs Auda Kekava,Auda Kekava are strong favorites here. Expect a professional performance to secure all three points away from home.,Auda Kekava wins,1.536,0 - 0,0,old
2026-06-24,Premier Liga,Gagra vs Samgurali Tskhaltubo,Samgurali are in top form and should secure a victory away at Gagra. Back the visitors tonight.,Samgurali Tskhaltubo wins,2.207,0 - 0,0,old
2026-06-23,Veikkausliiga,FF Jaro vs Gnistan Helsinki,Gnistan Helsinki look strong here. Expect them to dominate the game and secure all three points away. Gnistan Helsinki are in better form and should have no trouble finding a way to victory here.,Gnistan Helsinki wins,2.096,1 - 1,0,old
2026-06-22,Premier Liga,Torpedo Kutaisi vs Spaeri,Torpedo Kutaisi are strong favorites here. Expect a comfortable home win against struggling Spaeri. Back the hosts.,Torpedo Kutaisi wins,1.544,0 - 0,0,old
2026-06-21,1. Division,Raufoss IL vs Sogndal,Sogndal are superior in all departments and should secure a professional away victory over struggling Raufoss IL.,Sogndal wins,2.1,3 - 1,0,old
2026-06-20,Premier League,EB Streymur vs Skala IF,Skala IF look strong and should secure all three points. Expect an away win for the visitors.,Skala IF wins,2.003,1 - 1,0,old
2026-06-20,Primera Nacional,Club Almagro vs Club Atletico Atlanta,Almagro struggle for consistency. Atlanta look stronger and should secure a professional away win here. Atlanta to win.,Club Atletico Atlanta wins,2.233,2 - 0,0,old
2026-06-19,1. Division,Ranheim vs Lyn Oslo,Ranheim look strong at home and should secure a victory against visiting Lyn Oslo. Home win predicted.,Ranheim wins,1.614,3 - 2,1,old
2026-06-18,Division 1,Skovde AIK vs Hassleholms IF,Hassleholms IF are in fine form and should secure a professional away win against Skovde AIK today.,Hassleholms IF wins,2.095,2 - 2,0,old
2026-06-17,Veikkausliiga,TPS Turku vs KuPS Kuopio,TPS Turku are strong at home and should avoid defeat against KuPS. Back the home side or draw.,TPS Turku wins or draw,2.156,1 - 2,0,old
2026-06-16,Premier League,Stjarnan Gardabaer vs Breidablik Kopavogur,Breidablik hold the upper hand here. Expect the visitors to dominate and secure all three points away.,Breidablik Kopavogur wins,2.002,4 - 4,0,old
2026-06-15,Superettan,Sundsvall vs Osters,Sundsvall struggle for form against a sharp Osters side. Expect the visitors to secure all three points here. Osters are in superior shape heading into this clash. They should dominate and take a win away from home.,Osters wins,2.046,0 - 4,1,old
2026-06-14,Botola,HUSA Agadir vs RSB Berkane,Berkane are strong favorites here. Expect the visitors to dominate and secure all three points on the road.,RSB Berkane wins,2.04,1 - 0,0,old
2026-06-14,Premier League,Thor Akureyri vs Vestmannaeyjar,Thor Akureyri struggle for form. Expect Vestmannaeyjar to dominate and secure all three points away from home.,Vestmannaeyjar wins,2.144,1 - 4,1,old
2026-06-14,Primera Division,Union La Calera vs Universidad de Chile,La Chile are in top form and should dominate here. Expect an away win for the visitors.,Universidad de Chile wins,2.076,2 - 2,0,old
2026-06-13,Premier League,FC Baranovichi vs FC Minsk,FC Minsk hold the quality edge here and should comfortably secure all three points away from home.,FC Minsk wins,2.137,2 - 1,0,old
2026-06-13,2. Division,Eik Tonsberg vs Arendal,Arendal are superior in quality and should control this game. Expect an away win for the visitors. Arendal enter as favorites here. Their strong form makes an away victory the most likely outcome today.,Arendal wins,2.088,0 - 0,0,old
2026-06-13,Veikkausliiga,VPS Vaasa vs KuPS Kuopio,KuPS are superior in quality and should secure a professional away victory against a struggling VPS Vaasa side.,KuPS Kuopio wins,2.116,1 - 1,0,old
2026-06-13,Division 1,IFK Stocksund vs Sollentuna FK,Sollentuna FK hold the edge here. Expect the visitors to dominate and secure a professional away win.,Sollentuna FK wins,2.064,3 - 3,0,old
2026-06-13,Veikkausliiga,FC Lahti vs Seinajoen JK,Lahti are strong favorites here. Expect a home win as they dominate the midfield and secure victory.,FC Lahti wins,2.234,2 - 3,0,old
2026-06-12,Ykkosliiga,JaPS Jarvenpaa vs PK-35 Helsinki,PK-35 Helsinki are stronger and should secure all three points away at JaPS Jarvenpaa. Expect an away win.,PK-35 Helsinki wins,2.18,0 - 5,1,old
2026-06-12,Premier League,Belshina vs BATE Borisov,BATE Borisov enter as strong favorites here. Expect the visitors to dominate and secure all three points.,BATE Borisov wins,2.003,1 - 1,0,old
2026-06-10,Finnish Cup,KuPS Kuopio vs VPS Vaasa,KuPS are strong favorites at home. Expect the hosts to dominate and secure all three points here.,KuPS Kuopio wins,1.788,0 - 0,0,old
2026-06-10,Superettan,Varbergs BoIS vs Norrby,Varbergs BoIS are strong favorites here. Expect a home win as they dominate the run of play. Varbergs BoIS should edge this contest. Backing the hosts to take all three points is the smart play.,Varbergs BoIS wins,1.64,2 - 0,1,old
2026-06-09,Botola,MAS Fez vs FAR Rabat,FAR Rabat look strong here. Expect the visitors to control the game and secure all three points.,FAR Rabat wins,2.168,0 - 0,0,old
2026-06-09,Serie B,Ponte Preta SP vs Cuiaba MT,Cuiaba MT looks stronger on paper and should secure all three points away against Ponte Preta SP.,Cuiaba MT wins,2.322,1 - 2,1,old
2026-06-01,Division 1,Skovde AIK vs Jonkopings Sodra,Skovde AIK struggle for form. Expect Jonkopings Sodra to dominate and take all three points away from home.,Jonkopings Sodra wins,1.634,1 - 0,0,old
2026-05-31,V.League 1,Hong Linh Ha Tinh vs SHB Da Nang,Da Nang hold the advantage here. Expect the visitors to dominate and secure a professional away victory.,SHB Da Nang wins,2.118,0 - 0,0,old
2026-05-31,V.League 1,Cong An Ho Chi Minh City vs Viettel,Viettel are strong favorites here. Expect the visitors to dominate and secure a professional away win. Viettel bring superior quality to this clash. Expect them to control the game and take all three points.,Viettel wins,2.145,1 - 1,0,old
2026-05-31,Primera Division,Deportes Limache vs Coquimbo Unido,Limache are strong at home and should edge this contest. Expect a narrow home victory here.,Deportes Limache wins,2.618,2 - 3,0,old
2026-05-31,Premier League,Vestmannaeyjar vs Keflavik IF,Keflavik IF are strong favorites here. Expect the visitors to dominate and secure a comfortable away win. Keflavik IF hold the advantage in quality. Back the away side to take all three points tonight.,Keflavik IF wins,2.03,6 - 1,0,old
2026-05-30,Allsvenskan,AIK Stockholm vs Sirius,AIK struggle for form at home. Expect Sirius to capitalize and take all three points away. Sirius are in great shape and should outclass AIK here. Back the visitors for a win.,Sirius wins,2.102,0 - 3,1,old
2026-05-30,Veikkausliiga,FC Lahti vs Ilves Tampere,Lahti are strong at home and should edge this one. Expect a narrow victory for the hosts.,FC Lahti wins,2.476,5 - 0,1,old
2026-05-30,1. Division,Moss FK vs Stabaek,Stabaek hold the upper hand here. Expect the visitors to dominate and secure a professional away victory.,Stabaek wins,2.144,2 - 2,0,old
2026-05-29,Eliteserien,Valerenga Oslo vs Kristiansund,Valerenga Oslo are strong favorites here. Expect the hosts to control the game and secure a home win.,Valerenga Oslo wins,1.582,3 - 1,1,old
2026-05-29,Premier Liga,Dila Gori vs Samgurali Tskhaltubo,Dila Gori are strong favorites here. Expect a professional home performance to secure all three points. Dila Gori look dominant. I am backing the hosts to maintain control and claim a comfortable victory.,Dila Gori wins,1.768,2 - 3,0,old
2026-05-29,Eliteserien,Fredrikstad vs Start Kristiansand,Fredrikstad are strong favorites here. Expect a professional home performance to secure all three points against Start.,Fredrikstad wins,1.756,2 - 1,1,old
2026-05-29,Eliteserien,Brann Bergen vs Sarpsborg 08,Brann dominate at home and should comfortably handle Sarpsborg. Expect a strong home win here.,Brann Bergen wins,1.62,1 - 2,0,old
2026-05-29,Premier League,Naftan Novopolotsk vs Torpedo-BelAZ Zhodino,Torpedo-BelAZ Zhodino are strong favorites here. Expect a professional performance and a comfortable away win tonight.,Torpedo-BelAZ Zhodino wins,1.537,0 - 4,1,old
2026-05-28,Premier League,Atyrau vs Tobol Kostanay,Tobol Kostanay are stronger and should secure a victory away from home. Back the visitors to win.,Tobol Kostanay wins,2.037,1 - 1,0,old
2026-05-28,Premier League,Kaisar Kyzylorda vs Yelimay Semey,Yelimay Semey are in superior form and should secure all three points away at Kaisar Kyzylorda. Expect Yelimay Semey to dominate this clash and take a comfortable victory on the road today.,Yelimay Semey wins,2.092,2 - 3,1,old
2026-05-28,Premier League,Al Fahaheel FC vs Al Salmiya SC Kuwait,Al Salmiya carry the edge here. Expect the visitors to dominate and secure a comfortable away victory.,Al Salmiya SC Kuwait wins,2.064,0 - 2,1,old
2026-05-27,Premier League,Urartu vs Noah,Noah are in top form and should edge this clash. Expect an away win for the visitors.,Noah wins,1.594,0 - 5,1,old
